seqNo,siteCode,subTitle,subContent,sDate,eDate,groupName,contact,subDesc,subPath,subDesc2,subDesc3,mainImageT,sido,gugun,subDate,eventName,CATEGORY_NM,URL,imageUrl,EVENT_TM_INFO
11488,2,두루미와 두루두루,천연기념물이자 인천시조인 두루미를 이해하고 관찰하는 프로그램,20241201,20241201,생태교육허브물새알,0507-1450-4953,탐조문화공간스푼빌 및 동검도 일원,https://moolseal.modoo.at/?link=sdyfmrb6,전연령,무료,,인천광역시,강화군,"12월 1일, 15일(일) 14:00~17:00, 12월 14일(토) 10:00~16:00",두루미와 두루두루,,,,
11481,9,추사파노라마,"추사의 삶과 예술에 대한 이해와, 문화유산의 가치를 알게하는 지역주민프로그램",20241201,20241201,협동조합추사라이브러리,041-332-2003,추사김정희고택,,예산군주민(회당20명),무료(지역주민프로그램),,충청남도,예산군,"12월 1, 7, 8일 (총3회) / 13~16시",추사파노라마,,,,
11527,4,2024 희양문헌집<기별(奇別)하다>,"희양10경을 강독하고, 참여자의 이야기를 담은 2024 희양문헌집 만들기 프로그램",20241201,20241201,광양향교,070-4258-2425,광양향교,,광양시민 및 관광객,무료,,전라남도,광양시,"12월01일~12월14일 매주 토요일,일요일(총4회) / 10:00~12:00",2024 희양문헌집<기별(奇別)하다>,,,,
11528,4,천년고도 향교사랑(전통과미래의러브스토리),"한복입기, 예절교육, 국궁, 투호, 떡메, 다도, 서예",20241201,20241201,경주향교,054-775-3624,경주 향교,,일반인,유료,,경상북도,경주시,"12월1, 2, 10, 12일(총4회)",천년고도 향교사랑(전통과미래의러브스토리),,,,
11477,9,박상진의사의 밀서를 찾아라(시를 통하여),"박상진의사가 남긴 유시, 전별시 등을 낭송해보고 국가등록유산인 옥중편지글을 편지지 굿즈에 써 보고 남긴 메세지를 찾아본다",20241201,20241201,울산북구문화원(박상진의사 역사공원 역사문화센터),052)296-1411,양정재,https://psjpark.modoo.at/,6세이상 가족단위 일반인,무료,,울산광역시,북구,"12월 1일, 8일(총2회)/ 11시~12시",박상진의사의 밀서를 찾아라(시를 통하여),,,,
11476,9,박상진을 꿈꾸고 꿈먹고,지역의 곡물을 이용한 곡물먹거리 개발 및 연구와 플리마켓 진행,20241201,20241201,울산북구문화원(박상진의사 역사공원 역사문화센터),052)296-1411,교육장,https://psjpark.modoo.at/,6세이상 가족단위 일반인,무료,,울산광역시,북구,"12월 1일, 8일(총2회)/ 12시~13시",박상진을 꿈꾸고 꿈먹고,,,,
11516,4,명탄서원 유생 예악을 실현하다,"기후변화대응프로그램(친환경제품만들기), 종강식",20241201,20241201,공주이씨충절사수호위원회문중,010-4592-3942,혜의당,,"학생,시민,사회적약자 50명내외",무료,,충청남도,공주시,12월 1일(총 1회)/14:00-16:00,명탄서원 유생 예악을 실현하다,,,,
11475,9,고헌고택에서 만나자,독립운동가의 옷을 입고 전략적 독립운동가 박상진에 대한 역사스토리 프로그램,20241201,20241201,울산북구문화원(박상진의사 역사공원 역사문화센터),052)296-1411,박상진의사생가,https://psjpark.modoo.at/,6세이상 가족단위 일반인,무료,,울산광역시,북구,"12월 1일, 8일(총2회)/ 10시~11시",고헌고택에서 만나자,,,,
11471,3,"상시 체험(에코백, 문화재톡톡블럭, 호랑이등만들기, 비로약차 차담)","상시 체험(에코백, 문화재톡톡블럭, 호랑이등만들기, 비로약차 차담)",20241201,20241210,불회사,061-337-3440,불회사일원,,누구나,무료,,전라남도,나주시,12월 1일(일) 09:00~16:00 ~12월 10일(화) 9:00~16:00 (총 10회),"상시 체험(에코백, 문화재톡톡블럭, 호랑이등만들기, 비로약차 차담)",,,,
11502,2,조선백자 실감 공방과 달항아리 디지털 캠퍼스 (1) 가족 친화·치유 문화유산 실감(ICT) 1박 2일 캠퍼스,300년의 역사를 지닌 국가무형문화재 사기장 김정옥 가문의 역사와 그들이 가진 문화유산에 대해 ICT 실감콘텐츠 연계 상설 전시를 통해 효율적으로 교육 할 수있는 프로그램,20241201,20241201,㈜백산헤리티지,010-3794-5324,문경 국가무형문화재전수관,,일반인,무료,,경상북도,문경시,"12월 1일부터 12월 31일까지 매 주 화요일, 수요일, 목요일, 금요일, 토요일, 일요일 운영 (총 200회) / 09:00 ~ 18:00",조선백자 실감 공방과 달항아리 디지털 캠퍼스 (1) 가족 친화·치유 문화유산 실감(ICT) 1박 2일 캠퍼스,,,,
11522,4,삶의 덕목과 염원을 담아,예산 10경을 담은 한복 전시회,20241201,20241201,충남문화유산콘텐츠협동조합,041-556-1988,예산향교,https://www.cchcc.info/,전국민,무료,,충청남도,예산군,"12월 1일, 15일, 27일 (3회) 9:00~18:00",삶의 덕목과 염원을 담아,,,,
11528,4,천년고도 향교사랑(전통과미래의러브스토리),"한복입기, 예절교육, 국궁, 투호, 떡메, 다도, 서예",20241202,20241202,경주향교,054-775-3624,경주 향교,,일반인,유료,,경상북도,경주시,"12월1, 2, 10, 12일(총4회)",천년고도 향교사랑(전통과미래의러브스토리),,,,
11535,4,육기예융합체험교육,"향교의 육예(육기예) 교육과정을 응용하여 유교와 사천향교, 국궁, 승마, 예절, 다례 체험을 실시",20241202,20241202,(재)경남향교재단사천향교,055-852-1702,사천향교,,"유초중고등학생, 단체",무료,,경상남도,사천시,"12월 2일, 12월3일, 12월4일, 12월6일(총4회)/9시~12시30분",육기예융합체험교육,,,,
11495,2,우리동네 근대문화유산 지도그리기,"군산시 소재 초, 중학생을 대상으로 문화유산 탐방(플로깅 포함) 후 자신들만의 근대문화유산 지도 그리기(상반기 사전(공문) 모집 완료)",20241202,20241202,군산시청,063-454-3923,군산신흥동일본식가옥 등,,학생(회당25명 내외),무료,,전라북도,군산시,"12월 2일, 3일, 5일, 6일, 9일, 12일, 13일(1일 2회 진행) / 9시~10시30분, 10시40분~12시30분",우리동네 근대문화유산 지도그리기,,,,
11525,4,어르신 창작 마당극 - 신숭겸 꿈의 이야기,지역 어르신들이 만들어 가는 마당극 교육 및 공연(신숭겸 이야기),20241202,20241202,곡성문화원,061-362-0890,"곡성문화원, 덕양서원",http://gs-culture.or.kr,65세이상 곡성주민 20명 내외,무료,,전라남도,곡성군,"12월 2일, 9일, 16일, 23일, 30일(총 5회) / 14시~16시",어르신 창작 마당극 - 신숭겸 꿈의 이야기,,,,
11536,4,우포차회아카데미 1학년(기초반)운영,생활다례 및 의식다례를 공부함,20241202,20241202,창녕향교,055-532-0217,유림회관,,등록학생,무료,,경상남도,창녕군,"12월 2일, 9일, 16일, 23일 (월) 18시~20시 (총4회)",우포차회아카데미 1학년(기초반)운영,,,,
11490,2,괴산군사 관사 속에 숨은 이야기,괴산의 역사를 엿듣고 재현하고 발견하여 손수 그림을 그려 재구성해 책으로 완성,20241202,20241202,문화학교 숲,043-832-3009,괴산군수관사,,어린이 15명 내외,무료,,충청북도,괴산군,12월 2일(총 1회)/16시~18시,괴산군사 관사 속에 숨은 이야기,,,,
11535,4,육기예융합체험교육,"향교의 육예(육기예) 교육과정을 응용하여 유교와 사천향교, 국궁, 승마, 예절, 다례 체험을 실시",20241203,20241203,(재)경남향교재단사천향교,055-852-1702,사천향교,,"유초중고등학생, 단체",무료,,경상남도,사천시,"12월 2일, 12월3일, 12월4일, 12월6일(총4회)/9시~12시30분",육기예융합체험교육,,,,
11502,2,조선백자 실감 공방과 달항아리 디지털 캠퍼스 (1) 가족 친화·치유 문화유산 실감(ICT) 1박 2일 캠퍼스,300년의 역사를 지닌 국가무형문화재 사기장 김정옥 가문의 역사와 그들이 가진 문화유산에 대해 ICT 실감콘텐츠 연계 상설 전시를 통해 효율적으로 교육 할 수있는 프로그램,20241203,20241203,㈜백산헤리티지,010-3794-5324,문경 국가무형문화재전수관,,일반인,무료,,경상북도,문경시,"12월 1일부터 12월 31일까지 매 주 화요일, 수요일, 목요일, 금요일, 토요일, 일요일 운영 (총 200회) / 09:00 ~ 18:00",조선백자 실감 공방과 달항아리 디지털 캠퍼스 (1) 가족 친화·치유 문화유산 실감(ICT) 1박 2일 캠퍼스,,,,
11523,4,우리는 아띠,외국인을 대상으로한 한국전통문화 체험 프로그램,20241203,20241203,우리는 골목대장,041-633-4978,홍주향교 및 예절관,우리는 골목대장 - Daum 카페,혜전대학교 국제교육원 학생(회당 20명 내외),유료(체험비 5천원),,충청남도,홍성군,12월3일~13일(총7회)/10:00~12:00,우리는 아띠,,,,
11501,2,찾아가는 소포농악두레,소포걸군농악 찾아가는 교육,20241203,20241203,진도소포걸군농악보존회,010-6299-8808,지산초등학교,,지역학생,강사파견,,전라남도,진도군,"12월 3일, 10일, 17일",찾아가는 소포농악두레,,,,
11517,4,답사 및 탐방(뚜벅이 장선생의 명탄서원 숨은역사 탐방),답사 및 탐방,20241203,20241203,공주이씨충절사수호위원회문중,010-4592-3942,"익산, 충남일원",,시민(회당 20명내외),무료,,충청남도,공주시,"12월 3일, 12월 6일, 12월 9일(총 3회)/08:00-18:00)",답사 및 탐방(뚜벅이 장선생의 명탄서원 숨은역사 탐방),,,,
11495,2,우리동네 근대문화유산 지도그리기,"군산시 소재 초, 중학생을 대상으로 문화유산 탐방(플로깅 포함) 후 자신들만의 근대문화유산 지도 그리기(상반기 사전(공문) 모집 완료)",20241203,20241203,군산시청,063-454-3923,군산신흥동일본식가옥 등,,학생(회당25명 내외),무료,,전라북도,군산시,"12월 2일, 3일, 5일, 6일, 9일, 12일, 13일(1일 2회 진행) / 9시~10시30분, 10시40분~12시30분",우리동네 근대문화유산 지도그리기,,,,
11521,4,가야산 자락의 선비들 내포를 품다.,학생대상 예향전 연극 및 교육 프로그램,20241203,20241203,충남문화유산콘텐츠협동조합,041-556-1988,예산향교,https://www.cchcc.info/,전국민,무료,,충청남도,예산군,"12월 3일, 4일,5일,12일(4회)10:00~11:00",가야산 자락의 선비들 내포를 품다.,,,,
11506,2,"""MY OWN MASK"" 나만의 탈",기후변화 관련 자료와 영상을 공유하고 기후변화대응 창작공연 감상과 천연재료를 이용하여 나만의 탈을 만들어봄,20241203,20241203,하회별신굿탈놀이보존회,054-854-3664,어린이집,,아동20명내외,무료,,경상북도,안동시,"12월 3일, 5일, 10일, 12일 / 10시30분~11시30분","""MY OWN MASK"" 나만의 탈",,,,
11494,2,잠방골로 떠나는 바랑여행,외국인을 대상으로한 한국전통문화 체험 프로그램,20241203,20241203,내포문화진흥원,041-633-4978,한용운선생생가지 및 스카이타워,내포문화진흥원 - Daum 카페,혜전대학교 국제교육원 학생(회당 20명 내외),유료(체험비 5천원),,충청남도,홍성군,12월3일~13일(총7회)/13:00~16:00,잠방골로 떠나는 바랑여행,,,,
11470,3,이야기여행 '범과 함께',주지스님과 함께 하는 숲체험과 다도체험,20241204,20241204,불회사,061-337-3440,불회사일원,,숲체원(9명),5000,,전라남도,나주시,12월 4일(수) 14:00~16:00,이야기여행 '범과 함께',,,,
11534,4,경전성독반,"서당식교육을 활용하여 기초경전을 가르치고, 경전 성독과 한시를 교육",20241204,20241204,(재)경남향교재단사천향교,055-852-1702,사천향교,,"일반인, 65세이상 어르신(회당 20명)",무료,,경상남도,사천시,12월4일(총1회)/14시~16시,경전성독반,,,,
11502,2,조선백자 실감 공방과 달항아리 디지털 캠퍼스 (1) 가족 친화·치유 문화유산 실감(ICT) 1박 2일 캠퍼스,300년의 역사를 지닌 국가무형문화재 사기장 김정옥 가문의 역사와 그들이 가진 문화유산에 대해 ICT 실감콘텐츠 연계 상설 전시를 통해 효율적으로 교육 할 수있는 프로그램,20241204,20241204,㈜백산헤리티지,010-3794-5324,문경 국가무형문화재전수관,,일반인,무료,,경상북도,문경시,"12월 1일부터 12월 31일까지 매 주 화요일, 수요일, 목요일, 금요일, 토요일, 일요일 운영 (총 200회) / 09:00 ~ 18:00",조선백자 실감 공방과 달항아리 디지털 캠퍼스 (1) 가족 친화·치유 문화유산 실감(ICT) 1박 2일 캠퍼스,,,,
11535,4,육기예융합체험교육,"향교의 육예(육기예) 교육과정을 응용하여 유교와 사천향교, 국궁, 승마, 예절, 다례 체험을 실시",20241204,20241204,(재)경남향교재단사천향교,055-852-1702,사천향교,,"유초중고등학생, 단체",무료,,경상남도,사천시,"12월 2일, 12월3일, 12월4일, 12월6일(총4회)/9시~12시30분",육기예융합체험교육,,,,
11494,2,잠방골로 떠나는 바랑여행,외국인을 대상으로한 한국전통문화 체험 프로그램,20241204,20241204,내포문화진흥원,041-633-4978,한용운선생생가지 및 스카이타워,내포문화진흥원 - Daum 카페,혜전대학교 국제교육원 학생(회당 20명 내외),유료(체험비 5천원),,충청남도,홍성군,12월3일~13일(총7회)/13:00~16:00,잠방골로 떠나는 바랑여행,,,,
11521,4,가야산 자락의 선비들 내포를 품다.,학생대상 예향전 연극 및 교육 프로그램,20241204,20241204,충남문화유산콘텐츠협동조합,041-556-1988,예산향교,https://www.cchcc.info/,전국민,무료,,충청남도,예산군,"12월 3일, 4일,5일,12일(4회)10:00~11:00",가야산 자락의 선비들 내포를 품다.,,,,
11523,4,우리는 아띠,외국인을 대상으로한 한국전통문화 체험 프로그램,20241204,20241204,우리는 골목대장,041-633-4978,홍주향교 및 예절관,우리는 골목대장 - Daum 카페,혜전대학교 국제교육원 학생(회당 20명 내외),유료(체험비 5천원),,충청남도,홍성군,12월3일~13일(총7회)/10:00~12:00,우리는 아띠,,,,
11494,2,잠방골로 떠나는 바랑여행,외국인을 대상으로한 한국전통문화 체험 프로그램,20241205,20241205,내포문화진흥원,041-633-4978,한용운선생생가지 및 스카이타워,내포문화진흥원 - Daum 카페,혜전대학교 국제교육원 학생(회당 20명 내외),유료(체험비 5천원),,충청남도,홍성군,12월3일~13일(총7회)/13:00~16:00,잠방골로 떠나는 바랑여행,,,,
11539,4,주역반 강좌운영,주역공부를 함,20241205,20241205,창녕향교,055-532-0217,유림회관,,일반인,무료,,경상남도,창녕군,"12월 5일, 12일, 19일 (목) 10시~12시 (총3회)",주역반 강좌운영,,,,
11502,2,조선백자 실감 공방과 달항아리 디지털 캠퍼스 (1) 가족 친화·치유 문화유산 실감(ICT) 1박 2일 캠퍼스,300년의 역사를 지닌 국가무형문화재 사기장 김정옥 가문의 역사와 그들이 가진 문화유산에 대해 ICT 실감콘텐츠 연계 상설 전시를 통해 효율적으로 교육 할 수있는 프로그램,20241205,20241205,㈜백산헤리티지,010-3794-5324,문경 국가무형문화재전수관,,일반인,무료,,경상북도,문경시,"12월 1일부터 12월 31일까지 매 주 화요일, 수요일, 목요일, 금요일, 토요일, 일요일 운영 (총 200회) / 09:00 ~ 18:00",조선백자 실감 공방과 달항아리 디지털 캠퍼스 (1) 가족 친화·치유 문화유산 실감(ICT) 1박 2일 캠퍼스,,,,
11538,4,우포차회아카데미 사범반운영,가야다법을 공부함,20241205,20241205,창녕향교,055-532-0217,유림회관,,등록학생,무료,,경상남도,창녕군,"12월 5일, 12일, 19일 (목) 19시~21시 (총3회)",우포차회아카데미 사범반운영,,,,
11537,4,우포차회아카데미 2학년(수련반)운영,접빈다례를 공부함,20241205,20241205,창녕향교,055-532-0217,유림회관,,등록학생,무료,,경상남도,창녕군,"12월 5일, 12일, 19일 (목) 18시~20시 (총3회)",우포차회아카데미 2학년(수련반)운영,,,,
11508,4,선비들의 문화 나들이,"향교 서원에서 예술과 함께 보내는 문화향유 프로그램/목요생활공예, 금요캘리그라피,토요선비들의문화나들이",20241205,20241205,통합문화예술교육바로,070-8065-4166,구강서원,cafe.naver.com/artbaro,"65세 이상 어르신,장애인, 다문화가정,임산부,직장 근로자,경력단절여성 등(회당15명내외)",무료,,울산광역시,중구,"12월5일(목요일), 12월7일, 12월14일, 12월21일(토요일)/(총4회)/10시~12시",선비들의 문화 나들이,,,,
11495,2,우리동네 근대문화유산 지도그리기,"군산시 소재 초, 중학생을 대상으로 문화유산 탐방(플로깅 포함) 후 자신들만의 근대문화유산 지도 그리기(상반기 사전(공문) 모집 완료)",20241205,20241205,군산시청,063-454-3923,군산신흥동일본식가옥 등,,학생(회당25명 내외),무료,,전라북도,군산시,"12월 2일, 3일, 5일, 6일, 9일, 12일, 13일(1일 2회 진행) / 9시~10시30분, 10시40분~12시30분",우리동네 근대문화유산 지도그리기,,,,
11523,4,우리는 아띠,외국인을 대상으로한 한국전통문화 체험 프로그램,20241205,20241205,우리는 골목대장,041-633-4978,홍주향교 및 예절관,우리는 골목대장 - Daum 카페,혜전대학교 국제교육원 학생(회당 20명 내외),유료(체험비 5천원),,충청남도,홍성군,12월3일~13일(총7회)/10:00~12:00,우리는 아띠,,,,
11506,2,"""MY OWN MASK"" 나만의 탈",기후변화 관련 자료와 영상을 공유하고 기후변화대응 창작공연 감상과 천연재료를 이용하여 나만의 탈을 만들어봄,20241205,20241205,하회별신굿탈놀이보존회,054-854-3664,어린이집,,아동20명내외,무료,,경상북도,안동시,"12월 3일, 5일, 10일, 12일 / 10시30분~11시30분","""MY OWN MASK"" 나만의 탈",,,,
11521,4,가야산 자락의 선비들 내포를 품다.,학생대상 예향전 연극 및 교육 프로그램,20241205,20241205,충남문화유산콘텐츠협동조합,041-556-1988,예산향교,https://www.cchcc.info/,전국민,무료,,충청남도,예산군,"12월 3일, 4일,5일,12일(4회)10:00~11:00",가야산 자락의 선비들 내포를 품다.,,,,
11495,2,우리동네 근대문화유산 지도그리기,"군산시 소재 초, 중학생을 대상으로 문화유산 탐방(플로깅 포함) 후 자신들만의 근대문화유산 지도 그리기(상반기 사전(공문) 모집 완료)",20241206,20241206,군산시청,063-454-3923,군산신흥동일본식가옥 등,,학생(회당25명 내외),무료,,전라북도,군산시,"12월 2일, 3일, 5일, 6일, 9일, 12일, 13일(1일 2회 진행) / 9시~10시30분, 10시40분~12시30분",우리동네 근대문화유산 지도그리기,,,,
11517,4,답사 및 탐방(뚜벅이 장선생의 명탄서원 숨은역사 탐방),답사 및 탐방,20241206,20241206,공주이씨충절사수호위원회문중,010-4592-3942,"익산, 충남일원",,시민(회당 20명내외),무료,,충청남도,공주시,"12월 3일, 12월 6일, 12월 9일(총 3회)/08:00-18:00)",답사 및 탐방(뚜벅이 장선생의 명탄서원 숨은역사 탐방),,,,
11529,4,"상시프로그램 - 열린서원, 묵계서원",서원을 도서관 시설 및 체험존으로 만들어 누구나 친근하게 올 수 있는 열린 서원으로 조성,20241206,20241206,사단법인 미래문화재단,054-841-2433,"묵계서원, 보백당 종택, 만휴정",,전국민&외국인,무료,,경상북도,안동시,"12월 1일 ~ 12월 31일 매주 금, 토, 일 / 9시 ~ 18시","상시프로그램 - 열린서원, 묵계서원",,,,
11524,4,유생의 뜰 1형,"임실여성유림, 임실군민, 전북특별자치도민이 참여하여 규방공예품을 만듦, 동시에 방문객이 있을 때, 임실향교를 소개함",20241206,20241206,(재)문화재아웃리치연구소,063-243-3274,임실향교 명륜당 및 서재,,"임실여성유림,전주,김제여성",무료,,전라북도,임실군,12월06일(1회)/ 9시~11시,유생의 뜰 1형,,,,
11502,2,조선백자 실감 공방과 달항아리 디지털 캠퍼스 (1) 가족 친화·치유 문화유산 실감(ICT) 1박 2일 캠퍼스,300년의 역사를 지닌 국가무형문화재 사기장 김정옥 가문의 역사와 그들이 가진 문화유산에 대해 ICT 실감콘텐츠 연계 상설 전시를 통해 효율적으로 교육 할 수있는 프로그램,20241206,20241206,㈜백산헤리티지,010-3794-5324,문경 국가무형문화재전수관,,일반인,무료,,경상북도,문경시,"12월 1일부터 12월 31일까지 매 주 화요일, 수요일, 목요일, 금요일, 토요일, 일요일 운영 (총 200회) / 09:00 ~ 18:00",조선백자 실감 공방과 달항아리 디지털 캠퍼스 (1) 가족 친화·치유 문화유산 실감(ICT) 1박 2일 캠퍼스,,,,
11535,4,육기예융합체험교육,"향교의 육예(육기예) 교육과정을 응용하여 유교와 사천향교, 국궁, 승마, 예절, 다례 체험을 실시",20241206,20241206,(재)경남향교재단사천향교,055-852-1702,사천향교,,"유초중고등학생, 단체",무료,,경상남도,사천시,"12월 2일, 12월3일, 12월4일, 12월6일(총4회)/9시~12시30분",육기예융합체험교육,,,,
11540,4,소학반 강좌운영,소학공부를 함,20241206,20241206,창녕향교,055-532-0217,유림회관,,일반인,무료,,경상남도,창녕군,"12월 6일, 13일, 20일 (금) 10시~12시 (총3회)",소학반 강좌운영,,,,
11508,4,선비들의 문화 나들이,"향교 서원에서 예술과 함께 보내는 문화향유 프로그램/목요생활공예, 금요캘리그라피,토요선비들의문화나들이",20241207,20241207,통합문화예술교육바로,070-8065-4166,구강서원,cafe.naver.com/artbaro,"65세 이상 어르신,장애인, 다문화가정,임산부,직장 근로자,경력단절여성 등(회당15명내외)",무료,,울산광역시,중구,"12월5일(목요일), 12월7일, 12월14일, 12월21일(토요일)/(총4회)/10시~12시",선비들의 문화 나들이,,,,
11520,4,은행나무에 깃든 바람,기후변화 대응을 위한 생활속 환경체험과 환경콘서트,20241207,20241207,주식회사 말랑말랑한생각,010-4214-4268,은행나무주변,,일반인,무료,,충청남도,서산시,12월 7일(토) 오후 2시 ~ 4시,은행나무에 깃든 바람,,,,
11527,4,2024 희양문헌집<기별(奇別)하다>,"희양10경을 강독하고, 참여자의 이야기를 담은 2024 희양문헌집 만들기 프로그램",20241207,20241207,광양향교,070-4258-2425,광양향교,,광양시민 및 관광객,무료,,전라남도,광양시,"12월01일~12월14일 매주 토요일,일요일(총4회) / 10:00~12:00",2024 희양문헌집<기별(奇別)하다>,,,,
11502,2,조선백자 실감 공방과 달항아리 디지털 캠퍼스 (1) 가족 친화·치유 문화유산 실감(ICT) 1박 2일 캠퍼스,300년의 역사를 지닌 국가무형문화재 사기장 김정옥 가문의 역사와 그들이 가진 문화유산에 대해 ICT 실감콘텐츠 연계 상설 전시를 통해 효율적으로 교육 할 수있는 프로그램,20241207,20241207,㈜백산헤리티지,010-3794-5324,문경 국가무형문화재전수관,,일반인,무료,,경상북도,문경시,"12월 1일부터 12월 31일까지 매 주 화요일, 수요일, 목요일, 금요일, 토요일, 일요일 운영 (총 200회) / 09:00 ~ 18:00",조선백자 실감 공방과 달항아리 디지털 캠퍼스 (1) 가족 친화·치유 문화유산 실감(ICT) 1박 2일 캠퍼스,,,,
11529,4,"상시프로그램 - 열린서원, 묵계서원",서원을 도서관 시설 및 체험존으로 만들어 누구나 친근하게 올 수 있는 열린 서원으로 조성,20241207,20241207,사단법인 미래문화재단,054-841-2433,"묵계서원, 보백당 종택, 만휴정",,전국민&외국인,무료,,경상북도,안동시,"12월 1일 ~ 12월 31일 매주 금, 토, 일 / 9시 ~ 18시","상시프로그램 - 열린서원, 묵계서원",,,,
11479,9,"옛집, 선비의 하루를 보내다",충청도 명문 선비가에서 전승되어 온 가승문화를 체험하는 1박2일형 프로그램,20241207,20241208,명재고택,041-735-1215,명재고택,,일반인30명,유료(숙박비7만원),,충청남도,논산시,12월 7~8일,"옛집, 선비의 하루를 보내다",,,,
11542,4,향교사랑방,전통차체험,20241207,20241207,창녕향교,055-532-0217,창녕향교 동재 서재,,일반인,무료,,경상남도,창녕군,"12월 7일, 8일, 14일, 15일, 21일, 22일 매주 토,일 13시~18시 (총6회)",향교사랑방,,,,
11481,9,추사파노라마,"추사의 삶과 예술에 대한 이해와, 문화유산의 가치를 알게하는 지역주민프로그램",20241207,20241207,협동조합추사라이브러리,041-332-2003,추사김정희고택,,예산군주민(회당20명),무료(지역주민프로그램),,충청남도,예산군,"12월 1, 7, 8일 (총3회) / 13~16시",추사파노라마,,,,
11482,9,나눔의 곳간을 열다.,고택의 내력과 역사 소개 및 소장유물 전시설명 및 탐방,20241207,20241207,사)경주최부자선양회,054)774-0202,경주최부자댁,,관광객 회당 500명,무료,,경상북도,경주시,"12월 7일, 14일, 21일 (총3회) / 11:00~15:00",나눔의 곳간을 열다.,,,,
11541,4,서예반 강좌운영,서예역공부를 함,20241207,20241207,창녕향교,055-532-0217,유림회관,,일반인,무료,,경상남도,창녕군,"12월 7일, 14일, 21일 (토) 10시~12시 (총3회)",서예반 강좌운영,,,,
11483,9,종부들의 하루,종가의 내림문화를 토대로 한 김장 체험 프로그램,20241207,20241207,문화나눔,010-3883-2939,손대식고가,,"지역민,관광객(20명 내외)",유료(재료비 5만원),,경상남도,밀양시,12월 7일(총1회) / 14시~16시,종부들의 하루,,,,
11486,2,특명! 비밀결사의 단원이 되어라,"비밀결사 조직하기, 독립군 비밀지령 체험, 독립운동가 묘역 답사, 보드게임 등",20241207,20241207,중랑문화유산,010-8465-1945,망우역사문화공원(오재영 묘소 등),https://cafe.naver.com/jnsangsang,초등(3~4학년) 가족 30명,"유료(1인당 1,000원 이상 자율기부금)",,서울특별시,중랑구,"12월 7일(하루 2회) / 10시~12시30분, 14시~16시30분",특명! 비밀결사의 단원이 되어라,,,,
11492,2,온고easy食,"평화를 기원하는 가문의 술, 마을 특산물 음식 배우기",20241207,20241207,청주역사문화학교,043-266-1125,비중리 마을 일대,,시민 20명 내외,유료,,충청북도,청주시,12월 7일(총1회)/10시~13시,온고easy食,,,,
11493,2,가림성 숲에 깃든 황금새,기후변화 대응과 문화유산 보존을 위한 플로깅 및 환경콘서트,20241207,20241207,부여미래유산,010-4214-4268,가림성 등산로,황금새.COM,"지역민(일반인, 청소년, 어린이)",무료,,충청남도,부여군,12월 7일(토) 오후 2시 ~ 4시,가림성 숲에 깃든 황금새,,,,
11533,4,도계문화교실,문화예술체험프로그램,20241207,20241207,문화공간 도계,010.3629.4720,도계서원,https://www.instagram.com/dogye_culturalplace?igsh=MTF4b2xya3F5anR0bA==,성인,유료(1인5천원),,경상북도,안동시,"12월7일~12월15일까지 매주 토,일요일(총4회)/ 13시~16시",도계문화교실,,,,
11515,4,명탄서원 공주를 추로지향으로꿈꾸다,인문학강좌,20241207,20241207,공주이씨충절사수호위원회문중,010-4592-3942,명탄서원대강당 및 혜의당,,"학생,시민,사회적약자 20명내외",무료,,충청남도,공주시,"12월 7일, 12월 8일, 12일 14일, 12월 15일(총 4회)/14:00-16:00",명탄서원 공주를 추로지향으로꿈꾸다,,,,
11533,4,도계문화교실,문화예술체험프로그램,20241208,20241208,문화공간 도계,010.3629.4720,도계서원,https://www.instagram.com/dogye_culturalplace?igsh=MTF4b2xya3F5anR0bA==,성인,유료(1인5천원),,경상북도,안동시,"12월7일~12월15일까지 매주 토,일요일(총4회)/ 13시~16시",도계문화교실,,,,
11515,4,명탄서원 공주를 추로지향으로꿈꾸다,인문학강좌,20241208,20241208,공주이씨충절사수호위원회문중,010-4592-3942,명탄서원대강당 및 혜의당,,"학생,시민,사회적약자 20명내외",무료,,충청남도,공주시,"12월 7일, 12월 8일, 12일 14일, 12월 15일(총 4회)/14:00-16:00",명탄서원 공주를 추로지향으로꿈꾸다,,,,
11475,9,고헌고택에서 만나자,독립운동가의 옷을 입고 전략적 독립운동가 박상진에 대한 역사스토리 프로그램,20241208,20241208,울산북구문화원(박상진의사 역사공원 역사문화센터),052)296-1411,박상진의사생가,https://psjpark.modoo.at/,6세이상 가족단위 일반인,무료,,울산광역시,북구,"12월 1일, 8일(총2회)/ 10시~11시",고헌고택에서 만나자,,,,
11476,9,박상진을 꿈꾸고 꿈먹고,지역의 곡물을 이용한 곡물먹거리 개발 및 연구와 플리마켓 진행,20241208,20241208,울산북구문화원(박상진의사 역사공원 역사문화센터),052)296-1411,교육장,https://psjpark.modoo.at/,6세이상 가족단위 일반인,무료,,울산광역시,북구,"12월 1일, 8일(총2회)/ 12시~13시",박상진을 꿈꾸고 꿈먹고,,,,
11477,9,박상진의사의 밀서를 찾아라(시를 통하여),"박상진의사가 남긴 유시, 전별시 등을 낭송해보고 국가등록유산인 옥중편지글을 편지지 굿즈에 써 보고 남긴 메세지를 찾아본다",20241208,20241208,울산북구문화원(박상진의사 역사공원 역사문화센터),052)296-1411,양정재,https://psjpark.modoo.at/,6세이상 가족단위 일반인,무료,,울산광역시,북구,"12월 1일, 8일(총2회)/ 11시~12시",박상진의사의 밀서를 찾아라(시를 통하여),,,,
11542,4,향교사랑방,전통차체험,20241208,20241208,창녕향교,055-532-0217,창녕향교 동재 서재,,일반인,무료,,경상남도,창녕군,"12월 7일, 8일, 14일, 15일, 21일, 22일 매주 토,일 13시~18시 (총6회)",향교사랑방,,,,
11529,4,"상시프로그램 - 열린서원, 묵계서원",서원을 도서관 시설 및 체험존으로 만들어 누구나 친근하게 올 수 있는 열린 서원으로 조성,20241208,20241208,사단법인 미래문화재단,054-841-2433,"묵계서원, 보백당 종택, 만휴정",,전국민&외국인,무료,,경상북도,안동시,"12월 1일 ~ 12월 31일 매주 금, 토, 일 / 9시 ~ 18시","상시프로그램 - 열린서원, 묵계서원",,,,
11502,2,조선백자 실감 공방과 달항아리 디지털 캠퍼스 (1) 가족 친화·치유 문화유산 실감(ICT) 1박 2일 캠퍼스,300년의 역사를 지닌 국가무형문화재 사기장 김정옥 가문의 역사와 그들이 가진 문화유산에 대해 ICT 실감콘텐츠 연계 상설 전시를 통해 효율적으로 교육 할 수있는 프로그램,20241208,20241208,㈜백산헤리티지,010-3794-5324,문경 국가무형문화재전수관,,일반인,무료,,경상북도,문경시,"12월 1일부터 12월 31일까지 매 주 화요일, 수요일, 목요일, 금요일, 토요일, 일요일 운영 (총 200회) / 09:00 ~ 18:00",조선백자 실감 공방과 달항아리 디지털 캠퍼스 (1) 가족 친화·치유 문화유산 실감(ICT) 1박 2일 캠퍼스,,,,
11481,9,추사파노라마,"추사의 삶과 예술에 대한 이해와, 문화유산의 가치를 알게하는 지역주민프로그램",20241208,20241208,협동조합추사라이브러리,041-332-2003,추사김정희고택,,예산군주민(회당20명),무료(지역주민프로그램),,충청남도,예산군,"12월 1, 7, 8일 (총3회) / 13~16시",추사파노라마,,,,
11531,4,탄소중립프로그램-행복이 초록초록,텃밭정리,20241208,20241208,문화공간 도계,010.3629.4720,도계서원,https://www.instagram.com/dogye_culturalplace?igsh=MTF4b2xya3F5anR0bA==,한부모가정,무료,,경상북도,안동시,12월8일/14:00~15:30,탄소중립프로그램-행복이 초록초록,,,,
11532,4,탄소중립프로그램-행복이 초록초록,텃밭정리,20241208,20241208,문화공간 도계,010.3629.4720,도계서원,https://www.instagram.com/dogye_culturalplace?igsh=MTF4b2xya3F5anR0bA==,성인,유료(년5만원-재료비),,경상북도,안동시,12월8일/13:00~14:00,탄소중립프로그램-행복이 초록초록,,,,
11485,2,동묘에 숨은 관우를 찾아라,유물과 그림을 통해 삼국지연의와 관우 쉽게 알아보기,20241208,20241208,중랑문화유산,010-8465-1945,동관왕묘,https://cafe.naver.com/guanyu,초등 가족 30명,"유료(1,000원)",,서울특별시,종로구,"12월 8일 (하루 2회) / 10시~12시30분, 14시~16시30분",동묘에 숨은 관우를 찾아라,,,,
11527,4,2024 희양문헌집<기별(奇別)하다>,"희양10경을 강독하고, 참여자의 이야기를 담은 2024 희양문헌집 만들기 프로그램",20241208,20241208,광양향교,070-4258-2425,광양향교,,광양시민 및 관광객,무료,,전라남도,광양시,"12월01일~12월14일 매주 토요일,일요일(총4회) / 10:00~12:00",2024 희양문헌집<기별(奇別)하다>,,,,
11495,2,우리동네 근대문화유산 지도그리기,"군산시 소재 초, 중학생을 대상으로 문화유산 탐방(플로깅 포함) 후 자신들만의 근대문화유산 지도 그리기(상반기 사전(공문) 모집 완료)",20241209,20241209,군산시청,063-454-3923,군산신흥동일본식가옥 등,,학생(회당25명 내외),무료,,전라북도,군산시,"12월 2일, 3일, 5일, 6일, 9일, 12일, 13일(1일 2회 진행) / 9시~10시30분, 10시40분~12시30분",우리동네 근대문화유산 지도그리기,,,,
11536,4,우포차회아카데미 1학년(기초반)운영,생활다례 및 의식다례를 공부함,20241209,20241209,창녕향교,055-532-0217,유림회관,,등록학생,무료,,경상남도,창녕군,"12월 2일, 9일, 16일, 23일 (월) 18시~20시 (총4회)",우포차회아카데미 1학년(기초반)운영,,,,
11525,4,어르신 창작 마당극 - 신숭겸 꿈의 이야기,지역 어르신들이 만들어 가는 마당극 교육 및 공연(신숭겸 이야기),20241209,20241209,곡성문화원,061-362-0890,"곡성문화원, 덕양서원",http://gs-culture.or.kr,65세이상 곡성주민 20명 내외,무료,,전라남도,곡성군,"12월 2일, 9일, 16일, 23일, 30일(총 5회) / 14시~16시",어르신 창작 마당극 - 신숭겸 꿈의 이야기,,,,
11518,4,다례휴림,"다례휴림-일본말차, 중국보이차 시연",20241209,20241209,헤리티지 락,010-9540-9007,금산향교,,다문화센터 신청자,무료,,충청남도,금산군,12월9일 오전 10-12시,다례휴림,,,,
11517,4,답사 및 탐방(뚜벅이 장선생의 명탄서원 숨은역사 탐방),답사 및 탐방,20241209,20241209,공주이씨충절사수호위원회문중,010-4592-3942,"익산, 충남일원",,시민(회당 20명내외),무료,,충청남도,공주시,"12월 3일, 12월 6일, 12월 9일(총 3회)/08:00-18:00)",답사 및 탐방(뚜벅이 장선생의 명탄서원 숨은역사 탐방),,,,
11509,4,고3과 함께하는 슬기로운유생체험,관례의식>시가례>재가례>삼가례>내초례> 사물놀이체험,20241209,20241209,성균관유도회언양지부,052-264-0630,언양향교 경내,"◈언양선비 문화에 예술을 더하, 우리고장국가유.. : 네이버블로그 (naver.com)",고등학교 3년학생,무료,,울산광역시,울주군,"12월 9일, 10일, 11일, 12일, 13일 (총5회) 오전 10:00~13:00",고3과 함께하는 슬기로운유생체험,,,,
11509,4,고3과 함께하는 슬기로운유생체험,관례의식>시가례>재가례>삼가례>내초례> 사물놀이체험,20241210,20241210,성균관유도회언양지부,052-264-0630,언양향교 경내,"◈언양선비 문화에 예술을 더하, 우리고장국가유.. : 네이버블로그 (naver.com)",고등학교 3년학생,무료,,울산광역시,울주군,"12월 9일, 10일, 11일, 12일, 13일 (총5회) 오전 10:00~13:00",고3과 함께하는 슬기로운유생체험,,,,
11494,2,잠방골로 떠나는 바랑여행,외국인을 대상으로한 한국전통문화 체험 프로그램,20241210,20241210,내포문화진흥원,041-633-4978,한용운선생생가지 및 스카이타워,내포문화진흥원 - Daum 카페,혜전대학교 국제교육원 학생(회당 20명 내외),유료(체험비 5천원),,충청남도,홍성군,12월3일~13일(총7회)/13:00~16:00,잠방골로 떠나는 바랑여행,,,,
11528,4,천년고도 향교사랑(전통과미래의러브스토리),"한복입기, 예절교육, 국궁, 투호, 떡메, 다도, 서예",20241210,20241210,경주향교,054-775-3624,경주 향교,,일반인,유료,,경상북도,경주시,"12월1, 2, 10, 12일(총4회)",천년고도 향교사랑(전통과미래의러브스토리),,,,
11523,4,우리는 아띠,외국인을 대상으로한 한국전통문화 체험 프로그램,20241210,20241210,우리는 골목대장,041-633-4978,홍주향교 및 예절관,우리는 골목대장 - Daum 카페,혜전대학교 국제교육원 학생(회당 20명 내외),유료(체험비 5천원),,충청남도,홍성군,12월3일~13일(총7회)/10:00~12:00,우리는 아띠,,,,
11506,2,"""MY OWN MASK"" 나만의 탈",기후변화 관련 자료와 영상을 공유하고 기후변화대응 창작공연 감상과 천연재료를 이용하여 나만의 탈을 만들어봄,20241210,20241210,하회별신굿탈놀이보존회,054-854-3664,어린이집,,아동20명내외,무료,,경상북도,안동시,"12월 3일, 5일, 10일, 12일 / 10시30분~11시30분","""MY OWN MASK"" 나만의 탈",,,,
11502,2,조선백자 실감 공방과 달항아리 디지털 캠퍼스 (1) 가족 친화·치유 문화유산 실감(ICT) 1박 2일 캠퍼스,300년의 역사를 지닌 국가무형문화재 사기장 김정옥 가문의 역사와 그들이 가진 문화유산에 대해 ICT 실감콘텐츠 연계 상설 전시를 통해 효율적으로 교육 할 수있는 프로그램,20241210,20241210,㈜백산헤리티지,010-3794-5324,문경 국가무형문화재전수관,,일반인,무료,,경상북도,문경시,"12월 1일부터 12월 31일까지 매 주 화요일, 수요일, 목요일, 금요일, 토요일, 일요일 운영 (총 200회) / 09:00 ~ 18:00",조선백자 실감 공방과 달항아리 디지털 캠퍼스 (1) 가족 친화·치유 문화유산 실감(ICT) 1박 2일 캠퍼스,,,,
11501,2,찾아가는 소포농악두레,소포걸군농악 찾아가는 교육,20241210,20241210,진도소포걸군농악보존회,010-6299-8808,지산초등학교,,지역학생,강사파견,,전라남도,진도군,"12월 3일, 10일, 17일",찾아가는 소포농악두레,,,,
11523,4,우리는 아띠,외국인을 대상으로한 한국전통문화 체험 프로그램,20241211,20241211,우리는 골목대장,041-633-4978,홍주향교 및 예절관,우리는 골목대장 - Daum 카페,혜전대학교 국제교육원 학생(회당 20명 내외),유료(체험비 5천원),,충청남도,홍성군,12월3일~13일(총7회)/10:00~12:00,우리는 아띠,,,,
11469,3,가람 삼보를 노래하다,"탐, 진, 치 의 의미를 담아 비단천에 물들이다",20241211,20241211,비단골문화재지킴이,010-9540-9007,신안사,,봉사단 신청자,무료,,충청남도,금산군,12월 11일(수) 오전 10-12시,가람 삼보를 노래하다,,,,
11491,2,가까운 학교,꼬리에 꼬리를 무는 독서여행,20241211,20241211,문화학교 숲,043-832-3009,괴산군수관사,,지역주민 10명 내외,무료,,충청북도,괴산군,12월 11일(총 1회)/18시 30분~21시 30분,가까운 학교,,,,
11494,2,잠방골로 떠나는 바랑여행,외국인을 대상으로한 한국전통문화 체험 프로그램,20241211,20241211,내포문화진흥원,041-633-4978,한용운선생생가지 및 스카이타워,내포문화진흥원 - Daum 카페,혜전대학교 국제교육원 학생(회당 20명 내외),유료(체험비 5천원),,충청남도,홍성군,12월3일~13일(총7회)/13:00~16:00,잠방골로 떠나는 바랑여행,,,,
11502,2,조선백자 실감 공방과 달항아리 디지털 캠퍼스 (1) 가족 친화·치유 문화유산 실감(ICT) 1박 2일 캠퍼스,300년의 역사를 지닌 국가무형문화재 사기장 김정옥 가문의 역사와 그들이 가진 문화유산에 대해 ICT 실감콘텐츠 연계 상설 전시를 통해 효율적으로 교육 할 수있는 프로그램,20241211,20241211,㈜백산헤리티지,010-3794-5324,문경 국가무형문화재전수관,,일반인,무료,,경상북도,문경시,"12월 1일부터 12월 31일까지 매 주 화요일, 수요일, 목요일, 금요일, 토요일, 일요일 운영 (총 200회) / 09:00 ~ 18:00",조선백자 실감 공방과 달항아리 디지털 캠퍼스 (1) 가족 친화·치유 문화유산 실감(ICT) 1박 2일 캠퍼스,,,,
11478,9,"종가의 의례, 불천위제사",사계 김장생 선생과 신독재 김집 선생을 배출한 광산 김씨 문중의 불천위제사를 체험하는 프로그램,20241211,20241211,(사)기호문화유산활용진흥원,070-7788-0133,"의정공 김국광 사당, 종택",http://www.donamseowon.co.kr,"일반인,지역민",무료,,충청남도,논산시,12월11일(수요일) (총1회) / 17:00~23:00,"종가의 의례, 불천위제사",,,,
11507,4,유생들과 에코프랜즈,미래를 위한 환경보호 실천활동. 전통놀이와 예술체험으로 배우는 유학놀이터,20241211,20241211,통합문화예술교육바로,070-8065-4166,구강서원,cafe.naver.com/artbaro,아동 및 청소년 25명,무료,,울산광역시,중구,"12월11일, 12월12일,12일19일(총3회)/ 10:00~12:00",유생들과 에코프랜즈,,,,
11509,4,고3과 함께하는 슬기로운유생체험,관례의식>시가례>재가례>삼가례>내초례> 사물놀이체험,20241211,20241211,성균관유도회언양지부,052-264-0630,언양향교 경내,"◈언양선비 문화에 예술을 더하, 우리고장국가유.. : 네이버블로그 (naver.com)",고등학교 3년학생,무료,,울산광역시,울주군,"12월 9일, 10일, 11일, 12일, 13일 (총5회) 오전 10:00~13:00",고3과 함께하는 슬기로운유생체험,,,,
11507,4,유생들과 에코프랜즈,미래를 위한 환경보호 실천활동. 전통놀이와 예술체험으로 배우는 유학놀이터,20241212,20241212,통합문화예술교육바로,070-8065-4166,구강서원,cafe.naver.com/artbaro,아동 및 청소년 25명,무료,,울산광역시,중구,"12월11일, 12월12일,12일19일(총3회)/ 10:00~12:00",유생들과 에코프랜즈,,,,
11521,4,가야산 자락의 선비들 내포를 품다.,학생대상 예향전 연극 및 교육 프로그램,20241212,20241212,충남문화유산콘텐츠협동조합,041-556-1988,예산향교,https://www.cchcc.info/,전국민,무료,,충청남도,예산군,"12월 3일, 4일,5일,12일(4회)10:00~11:00",가야산 자락의 선비들 내포를 품다.,,,,
11523,4,우리는 아띠,외국인을 대상으로한 한국전통문화 체험 프로그램,20241212,20241212,우리는 골목대장,041-633-4978,홍주향교 및 예절관,우리는 골목대장 - Daum 카페,혜전대학교 국제교육원 학생(회당 20명 내외),유료(체험비 5천원),,충청남도,홍성군,12월3일~13일(총7회)/10:00~12:00,우리는 아띠,,,,
11506,2,"""MY OWN MASK"" 나만의 탈",기후변화 관련 자료와 영상을 공유하고 기후변화대응 창작공연 감상과 천연재료를 이용하여 나만의 탈을 만들어봄,20241212,20241212,하회별신굿탈놀이보존회,054-854-3664,어린이집,,아동20명내외,무료,,경상북도,안동시,"12월 3일, 5일, 10일, 12일 / 10시30분~11시30분","""MY OWN MASK"" 나만의 탈",,,,
11539,4,주역반 강좌운영,주역공부를 함,20241212,20241212,창녕향교,055-532-0217,유림회관,,일반인,무료,,경상남도,창녕군,"12월 5일, 12일, 19일 (목) 10시~12시 (총3회)",주역반 강좌운영,,,,
11494,2,잠방골로 떠나는 바랑여행,외국인을 대상으로한 한국전통문화 체험 프로그램,20241212,20241212,내포문화진흥원,041-633-4978,한용운선생생가지 및 스카이타워,내포문화진흥원 - Daum 카페,혜전대학교 국제교육원 학생(회당 20명 내외),유료(체험비 5천원),,충청남도,홍성군,12월3일~13일(총7회)/13:00~16:00,잠방골로 떠나는 바랑여행,,,,
11537,4,우포차회아카데미 2학년(수련반)운영,접빈다례를 공부함,20241212,20241212,창녕향교,055-532-0217,유림회관,,등록학생,무료,,경상남도,창녕군,"12월 5일, 12일, 19일 (목) 18시~20시 (총3회)",우포차회아카데미 2학년(수련반)운영,,,,
11502,2,조선백자 실감 공방과 달항아리 디지털 캠퍼스 (1) 가족 친화·치유 문화유산 실감(ICT) 1박 2일 캠퍼스,300년의 역사를 지닌 국가무형문화재 사기장 김정옥 가문의 역사와 그들이 가진 문화유산에 대해 ICT 실감콘텐츠 연계 상설 전시를 통해 효율적으로 교육 할 수있는 프로그램,20241212,20241212,㈜백산헤리티지,010-3794-5324,문경 국가무형문화재전수관,,일반인,무료,,경상북도,문경시,"12월 1일부터 12월 31일까지 매 주 화요일, 수요일, 목요일, 금요일, 토요일, 일요일 운영 (총 200회) / 09:00 ~ 18:00",조선백자 실감 공방과 달항아리 디지털 캠퍼스 (1) 가족 친화·치유 문화유산 실감(ICT) 1박 2일 캠퍼스,,,,
11509,4,고3과 함께하는 슬기로운유생체험,관례의식>시가례>재가례>삼가례>내초례> 사물놀이체험,20241212,20241212,성균관유도회언양지부,052-264-0630,언양향교 경내,"◈언양선비 문화에 예술을 더하, 우리고장국가유.. : 네이버블로그 (naver.com)",고등학교 3년학생,무료,,울산광역시,울주군,"12월 9일, 10일, 11일, 12일, 13일 (총5회) 오전 10:00~13:00",고3과 함께하는 슬기로운유생체험,,,,
11528,4,천년고도 향교사랑(전통과미래의러브스토리),"한복입기, 예절교육, 국궁, 투호, 떡메, 다도, 서예",20241212,20241212,경주향교,054-775-3624,경주 향교,,일반인,유료,,경상북도,경주시,"12월1, 2, 10, 12일(총4회)",천년고도 향교사랑(전통과미래의러브스토리),,,,
11514,4,박문약례 인성교실,"충남 최초 사액서원에서 체험하는 올바른 전통예절 및 선비인사법, 플로킹캠페인을 적용한 박문약례 플로킹 코스체험",20241212,20241212,충현서원,041-857-9796,"충현서원, 방문장소",https://www.chseowon.com,"청소년, 외국인유학생 및 재외동포",무료,,충청남도,공주시,"12월12일, 12월20일(총2회) / 10시~12시, 14시~16시",박문약례 인성교실,,,,
11495,2,우리동네 근대문화유산 지도그리기,"군산시 소재 초, 중학생을 대상으로 문화유산 탐방(플로깅 포함) 후 자신들만의 근대문화유산 지도 그리기(상반기 사전(공문) 모집 완료)",20241212,20241212,군산시청,063-454-3923,군산신흥동일본식가옥 등,,학생(회당25명 내외),무료,,전라북도,군산시,"12월 2일, 3일, 5일, 6일, 9일, 12일, 13일(1일 2회 진행) / 9시~10시30분, 10시40분~12시30분",우리동네 근대문화유산 지도그리기,,,,
11538,4,우포차회아카데미 사범반운영,가야다법을 공부함,20241212,20241212,창녕향교,055-532-0217,유림회관,,등록학생,무료,,경상남도,창녕군,"12월 5일, 12일, 19일 (목) 19시~21시 (총3회)",우포차회아카데미 사범반운영,,,,
11502,2,조선백자 실감 공방과 달항아리 디지털 캠퍼스 (1) 가족 친화·치유 문화유산 실감(ICT) 1박 2일 캠퍼스,300년의 역사를 지닌 국가무형문화재 사기장 김정옥 가문의 역사와 그들이 가진 문화유산에 대해 ICT 실감콘텐츠 연계 상설 전시를 통해 효율적으로 교육 할 수있는 프로그램,20241213,20241213,㈜백산헤리티지,010-3794-5324,문경 국가무형문화재전수관,,일반인,무료,,경상북도,문경시,"12월 1일부터 12월 31일까지 매 주 화요일, 수요일, 목요일, 금요일, 토요일, 일요일 운영 (총 200회) / 09:00 ~ 18:00",조선백자 실감 공방과 달항아리 디지털 캠퍼스 (1) 가족 친화·치유 문화유산 실감(ICT) 1박 2일 캠퍼스,,,,
11523,4,우리는 아띠,외국인을 대상으로한 한국전통문화 체험 프로그램,20241213,20241213,우리는 골목대장,041-633-4978,홍주향교 및 예절관,우리는 골목대장 - Daum 카페,혜전대학교 국제교육원 학생(회당 20명 내외),유료(체험비 5천원),,충청남도,홍성군,12월3일~13일(총7회)/10:00~12:00,우리는 아띠,,,,
11540,4,소학반 강좌운영,소학공부를 함,20241213,20241213,창녕향교,055-532-0217,유림회관,,일반인,무료,,경상남도,창녕군,"12월 6일, 13일, 20일 (금) 10시~12시 (총3회)",소학반 강좌운영,,,,
11496,2,생생국가유산 발표전시회,3개의 프로그램을 종합한 발표전시회를 통해 지역국가유산 공유,20241213,20241213,월랑역사,010-6435-5766,진안읍 문화의 집,https://wollanghy.modoo.at/,지역주민,무료,,전라북도,진안군,"12월 13일(총 1회), 금요일 13:00~",생생국가유산 발표전시회,,,,
11529,4,"상시프로그램 - 열린서원, 묵계서원",서원을 도서관 시설 및 체험존으로 만들어 누구나 친근하게 올 수 있는 열린 서원으로 조성,20241213,20241213,사단법인 미래문화재단,054-841-2433,"묵계서원, 보백당 종택, 만휴정",,전국민&외국인,무료,,경상북도,안동시,"12월 1일 ~ 12월 31일 매주 금, 토, 일 / 9시 ~ 18시","상시프로그램 - 열린서원, 묵계서원",,,,
11494,2,잠방골로 떠나는 바랑여행,외국인을 대상으로한 한국전통문화 체험 프로그램,20241213,20241213,내포문화진흥원,041-633-4978,한용운선생생가지 및 스카이타워,내포문화진흥원 - Daum 카페,혜전대학교 국제교육원 학생(회당 20명 내외),유료(체험비 5천원),,충청남도,홍성군,12월3일~13일(총7회)/13:00~16:00,잠방골로 떠나는 바랑여행,,,,
11495,2,우리동네 근대문화유산 지도그리기,"군산시 소재 초, 중학생을 대상으로 문화유산 탐방(플로깅 포함) 후 자신들만의 근대문화유산 지도 그리기(상반기 사전(공문) 모집 완료)",20241213,20241213,군산시청,063-454-3923,군산신흥동일본식가옥 등,,학생(회당25명 내외),무료,,전라북도,군산시,"12월 2일, 3일, 5일, 6일, 9일, 12일, 13일(1일 2회 진행) / 9시~10시30분, 10시40분~12시30분",우리동네 근대문화유산 지도그리기,,,,
11509,4,고3과 함께하는 슬기로운유생체험,관례의식>시가례>재가례>삼가례>내초례> 사물놀이체험,20241213,20241213,성균관유도회언양지부,052-264-0630,언양향교 경내,"◈언양선비 문화에 예술을 더하, 우리고장국가유.. : 네이버블로그 (naver.com)",고등학교 3년학생,무료,,울산광역시,울주군,"12월 9일, 10일, 11일, 12일, 13일 (총5회) 오전 10:00~13:00",고3과 함께하는 슬기로운유생체험,,,,
11529,4,"상시프로그램 - 열린서원, 묵계서원",서원을 도서관 시설 및 체험존으로 만들어 누구나 친근하게 올 수 있는 열린 서원으로 조성,20241214,20241214,사단법인 미래문화재단,054-841-2433,"묵계서원, 보백당 종택, 만휴정",,전국민&외국인,무료,,경상북도,안동시,"12월 1일 ~ 12월 31일 매주 금, 토, 일 / 9시 ~ 18시","상시프로그램 - 열린서원, 묵계서원",,,,
11515,4,명탄서원 공주를 추로지향으로꿈꾸다,인문학강좌,20241214,20241214,공주이씨충절사수호위원회문중,010-4592-3942,명탄서원대강당 및 혜의당,,"학생,시민,사회적약자 20명내외",무료,,충청남도,공주시,"12월 7일, 12월 8일, 12일 14일, 12월 15일(총 4회)/14:00-16:00",명탄서원 공주를 추로지향으로꿈꾸다,,,,
11502,2,조선백자 실감 공방과 달항아리 디지털 캠퍼스 (1) 가족 친화·치유 문화유산 실감(ICT) 1박 2일 캠퍼스,300년의 역사를 지닌 국가무형문화재 사기장 김정옥 가문의 역사와 그들이 가진 문화유산에 대해 ICT 실감콘텐츠 연계 상설 전시를 통해 효율적으로 교육 할 수있는 프로그램,20241214,20241214,㈜백산헤리티지,010-3794-5324,문경 국가무형문화재전수관,,일반인,무료,,경상북도,문경시,"12월 1일부터 12월 31일까지 매 주 화요일, 수요일, 목요일, 금요일, 토요일, 일요일 운영 (총 200회) / 09:00 ~ 18:00",조선백자 실감 공방과 달항아리 디지털 캠퍼스 (1) 가족 친화·치유 문화유산 실감(ICT) 1박 2일 캠퍼스,,,,
11527,4,2024 희양문헌집<기별(奇別)하다>,"희양10경을 강독하고, 참여자의 이야기를 담은 2024 희양문헌집 만들기 프로그램",20241214,20241214,광양향교,070-4258-2425,광양향교,,광양시민 및 관광객,무료,,전라남도,광양시,"12월01일~12월14일 매주 토요일,일요일(총4회) / 10:00~12:00",2024 희양문헌집<기별(奇別)하다>,,,,
11488,2,두루미와 두루두루,천연기념물이자 인천시조인 두루미를 이해하고 관찰하는 프로그램,20241214,20241214,생태교육허브물새알,0507-1450-4953,탐조문화공간스푼빌 및 동검도 일원,https://moolseal.modoo.at/?link=sdyfmrb6,전연령,무료,,인천광역시,강화군,"12월 1일, 15일(일) 14:00~17:00, 12월 14일(토) 10:00~16:00",두루미와 두루두루,,,,
11482,9,나눔의 곳간을 열다.,고택의 내력과 역사 소개 및 소장유물 전시설명 및 탐방,20241214,20241214,사)경주최부자선양회,054)774-0202,경주최부자댁,,관광객 회당 500명,무료,,경상북도,경주시,"12월 7일, 14일, 21일 (총3회) / 11:00~15:00",나눔의 곳간을 열다.,,,,
11487,2,Spoon-bill Guardians(어린이저어새수호대),천연기념물이자 강화군조인 저어새를 이해하고 보호하는 어린이 저어새수호대,20241214,20241214,생태교육허브물새알,0507-1450-4953,교동도 일원,https://moolseal.modoo.at/?link=sdyfmrb8,어린이저어새수호대,무료,,인천광역시,강화군,12월 14일(토) 10:00~16:00,Spoon-bill Guardians(어린이저어새수호대),,,,
11508,4,선비들의 문화 나들이,"향교 서원에서 예술과 함께 보내는 문화향유 프로그램/목요생활공예, 금요캘리그라피,토요선비들의문화나들이",20241214,20241214,통합문화예술교육바로,070-8065-4166,구강서원,cafe.naver.com/artbaro,"65세 이상 어르신,장애인, 다문화가정,임산부,직장 근로자,경력단절여성 등(회당15명내외)",무료,,울산광역시,중구,"12월5일(목요일), 12월7일, 12월14일, 12월21일(토요일)/(총4회)/10시~12시",선비들의 문화 나들이,,,,
11542,4,향교사랑방,전통차체험,20241214,20241214,창녕향교,055-532-0217,창녕향교 동재 서재,,일반인,무료,,경상남도,창녕군,"12월 7일, 8일, 14일, 15일, 21일, 22일 매주 토,일 13시~18시 (총6회)",향교사랑방,,,,
11480,9,"옛집, 선비의 하루를 보내다",충청도 명문 선비가에서 전승되어 온 가승문화를 체험하는 1박2일형 프로그램,20241214,20241215,명재고택,041-735-1215,명재고택,,일반인30명,,,충청남도,논산시,12월 14~15일,"옛집, 선비의 하루를 보내다",,,,
11498,2,달빛따라 걷는 나주읍성과 전통음악의 만남,나주읍성에서 하루를 보내며 나주읍성을 둘러보고 천연 염색과 나주의 문화재를 만나는 시간,20241214,20241215,나주문화원,061-332-5115,나주시 일원,,지역외주민 20명 내외,무료,,전라남도,나주시,12월14~12월15일 9시~17시,달빛따라 걷는 나주읍성과 전통음악의 만남,,,,
11533,4,도계문화교실,문화예술체험프로그램,20241214,20241214,문화공간 도계,010.3629.4720,도계서원,https://www.instagram.com/dogye_culturalplace?igsh=MTF4b2xya3F5anR0bA==,성인,유료(1인5천원),,경상북도,안동시,"12월7일~12월15일까지 매주 토,일요일(총4회)/ 13시~16시",도계문화교실,,,,
11541,4,서예반 강좌운영,서예역공부를 함,20241214,20241214,창녕향교,055-532-0217,유림회관,,일반인,무료,,경상남도,창녕군,"12월 7일, 14일, 21일 (토) 10시~12시 (총3회)",서예반 강좌운영,,,,
11488,2,두루미와 두루두루,천연기념물이자 인천시조인 두루미를 이해하고 관찰하는 프로그램,20241215,20241215,생태교육허브물새알,0507-1450-4953,탐조문화공간스푼빌 및 동검도 일원,https://moolseal.modoo.at/?link=sdyfmrb6,전연령,무료,,인천광역시,강화군,"12월 1일, 15일(일) 14:00~17:00, 12월 14일(토) 10:00~16:00",두루미와 두루두루,,,,
11526,4,향교·서원 365열리다,향교의 전교 등의 해설 강사가 상주하며 진행되는 프로그램,20241215,20241215,곡성문화원,061-362-0890,곡성향교,http://gs-culture.or.kr,"주민, 관광객 등 누구나",무료,,전라남도,곡성군,12월 15일(총 1회) / 10시~13시,향교·서원 365열리다,,,,
11529,4,"상시프로그램 - 열린서원, 묵계서원",서원을 도서관 시설 및 체험존으로 만들어 누구나 친근하게 올 수 있는 열린 서원으로 조성,20241215,20241215,사단법인 미래문화재단,054-841-2433,"묵계서원, 보백당 종택, 만휴정",,전국민&외국인,무료,,경상북도,안동시,"12월 1일 ~ 12월 31일 매주 금, 토, 일 / 9시 ~ 18시","상시프로그램 - 열린서원, 묵계서원",,,,
11502,2,조선백자 실감 공방과 달항아리 디지털 캠퍼스 (1) 가족 친화·치유 문화유산 실감(ICT) 1박 2일 캠퍼스,300년의 역사를 지닌 국가무형문화재 사기장 김정옥 가문의 역사와 그들이 가진 문화유산에 대해 ICT 실감콘텐츠 연계 상설 전시를 통해 효율적으로 교육 할 수있는 프로그램,20241215,20241215,㈜백산헤리티지,010-3794-5324,문경 국가무형문화재전수관,,일반인,무료,,경상북도,문경시,"12월 1일부터 12월 31일까지 매 주 화요일, 수요일, 목요일, 금요일, 토요일, 일요일 운영 (총 200회) / 09:00 ~ 18:00",조선백자 실감 공방과 달항아리 디지털 캠퍼스 (1) 가족 친화·치유 문화유산 실감(ICT) 1박 2일 캠퍼스,,,,
11533,4,도계문화교실,문화예술체험프로그램,20241215,20241215,문화공간 도계,010.3629.4720,도계서원,https://www.instagram.com/dogye_culturalplace?igsh=MTF4b2xya3F5anR0bA==,성인,유료(1인5천원),,경상북도,안동시,"12월7일~12월15일까지 매주 토,일요일(총4회)/ 13시~16시",도계문화교실,,,,
11515,4,명탄서원 공주를 추로지향으로꿈꾸다,인문학강좌,20241215,20241215,공주이씨충절사수호위원회문중,010-4592-3942,명탄서원대강당 및 혜의당,,"학생,시민,사회적약자 20명내외",무료,,충청남도,공주시,"12월 7일, 12월 8일, 12일 14일, 12월 15일(총 4회)/14:00-16:00",명탄서원 공주를 추로지향으로꿈꾸다,,,,
11522,4,삶의 덕목과 염원을 담아,예산 10경을 담은 한복 전시회,20241215,20241215,충남문화유산콘텐츠협동조합,041-556-1988,예산향교,https://www.cchcc.info/,전국민,무료,,충청남도,예산군,"12월 1일, 15일, 27일 (3회) 9:00~18:00",삶의 덕목과 염원을 담아,,,,
11542,4,향교사랑방,전통차체험,20241215,20241215,창녕향교,055-532-0217,창녕향교 동재 서재,,일반인,무료,,경상남도,창녕군,"12월 7일, 8일, 14일, 15일, 21일, 22일 매주 토,일 13시~18시 (총6회)",향교사랑방,,,,
11536,4,우포차회아카데미 1학년(기초반)운영,생활다례 및 의식다례를 공부함,20241216,20241216,창녕향교,055-532-0217,유림회관,,등록학생,무료,,경상남도,창녕군,"12월 2일, 9일, 16일, 23일 (월) 18시~20시 (총4회)",우포차회아카데미 1학년(기초반)운영,,,,
11525,4,어르신 창작 마당극 - 신숭겸 꿈의 이야기,지역 어르신들이 만들어 가는 마당극 교육 및 공연(신숭겸 이야기),20241216,20241216,곡성문화원,061-362-0890,"곡성문화원, 덕양서원",http://gs-culture.or.kr,65세이상 곡성주민 20명 내외,무료,,전라남도,곡성군,"12월 2일, 9일, 16일, 23일, 30일(총 5회) / 14시~16시",어르신 창작 마당극 - 신숭겸 꿈의 이야기,,,,
11501,2,찾아가는 소포농악두레,소포걸군농악 찾아가는 교육,20241217,20241217,진도소포걸군농악보존회,010-6299-8808,지산초등학교,,지역학생,강사파견,,전라남도,진도군,"12월 3일, 10일, 17일",찾아가는 소포농악두레,,,,
11502,2,조선백자 실감 공방과 달항아리 디지털 캠퍼스 (1) 가족 친화·치유 문화유산 실감(ICT) 1박 2일 캠퍼스,300년의 역사를 지닌 국가무형문화재 사기장 김정옥 가문의 역사와 그들이 가진 문화유산에 대해 ICT 실감콘텐츠 연계 상설 전시를 통해 효율적으로 교육 할 수있는 프로그램,20241217,20241217,㈜백산헤리티지,010-3794-5324,문경 국가무형문화재전수관,,일반인,무료,,경상북도,문경시,"12월 1일부터 12월 31일까지 매 주 화요일, 수요일, 목요일, 금요일, 토요일, 일요일 운영 (총 200회) / 09:00 ~ 18:00",조선백자 실감 공방과 달항아리 디지털 캠퍼스 (1) 가족 친화·치유 문화유산 실감(ICT) 1박 2일 캠퍼스,,,,
11499,2,영산강 대표 정자를 돌아보며 인문학 강좌,정자에서 인문학 강좌 및 전통 공연을 통한 인문적 소양을 함양,20241218,20241218,나주문화원,061-332-5115,나주시 일원,,리더모임 20명 내외,무료,,전라남도,나주시,12월18일 / 10시~17시,영산강 대표 정자를 돌아보며 인문학 강좌,,,,
11502,2,조선백자 실감 공방과 달항아리 디지털 캠퍼스 (1) 가족 친화·치유 문화유산 실감(ICT) 1박 2일 캠퍼스,300년의 역사를 지닌 국가무형문화재 사기장 김정옥 가문의 역사와 그들이 가진 문화유산에 대해 ICT 실감콘텐츠 연계 상설 전시를 통해 효율적으로 교육 할 수있는 프로그램,20241218,20241218,㈜백산헤리티지,010-3794-5324,문경 국가무형문화재전수관,,일반인,무료,,경상북도,문경시,"12월 1일부터 12월 31일까지 매 주 화요일, 수요일, 목요일, 금요일, 토요일, 일요일 운영 (총 200회) / 09:00 ~ 18:00",조선백자 실감 공방과 달항아리 디지털 캠퍼스 (1) 가족 친화·치유 문화유산 실감(ICT) 1박 2일 캠퍼스,,,,
11537,4,우포차회아카데미 2학년(수련반)운영,접빈다례를 공부함,20241219,20241219,창녕향교,055-532-0217,유림회관,,등록학생,무료,,경상남도,창녕군,"12월 5일, 12일, 19일 (목) 18시~20시 (총3회)",우포차회아카데미 2학년(수련반)운영,,,,
11538,4,우포차회아카데미 사범반운영,가야다법을 공부함,20241219,20241219,창녕향교,055-532-0217,유림회관,,등록학생,무료,,경상남도,창녕군,"12월 5일, 12일, 19일 (목) 19시~21시 (총3회)",우포차회아카데미 사범반운영,,,,
11502,2,조선백자 실감 공방과 달항아리 디지털 캠퍼스 (1) 가족 친화·치유 문화유산 실감(ICT) 1박 2일 캠퍼스,300년의 역사를 지닌 국가무형문화재 사기장 김정옥 가문의 역사와 그들이 가진 문화유산에 대해 ICT 실감콘텐츠 연계 상설 전시를 통해 효율적으로 교육 할 수있는 프로그램,20241219,20241219,㈜백산헤리티지,010-3794-5324,문경 국가무형문화재전수관,,일반인,무료,,경상북도,문경시,"12월 1일부터 12월 31일까지 매 주 화요일, 수요일, 목요일, 금요일, 토요일, 일요일 운영 (총 200회) / 09:00 ~ 18:00",조선백자 실감 공방과 달항아리 디지털 캠퍼스 (1) 가족 친화·치유 문화유산 실감(ICT) 1박 2일 캠퍼스,,,,
11539,4,주역반 강좌운영,주역공부를 함,20241219,20241219,창녕향교,055-532-0217,유림회관,,일반인,무료,,경상남도,창녕군,"12월 5일, 12일, 19일 (목) 10시~12시 (총3회)",주역반 강좌운영,,,,
11507,4,유생들과 에코프랜즈,미래를 위한 환경보호 실천활동. 전통놀이와 예술체험으로 배우는 유학놀이터,20241219,20241219,통합문화예술교육바로,070-8065-4166,구강서원,cafe.naver.com/artbaro,아동 및 청소년 25명,무료,,울산광역시,중구,"12월11일, 12월12일,12일19일(총3회)/ 10:00~12:00",유생들과 에코프랜즈,,,,
11512,4,꼬무락 꼬마선비,"청소년, 외국인 유학생,재외동포, 가족단위 관광객 대상의 선비의례체험, 선비예절, 인장체험, 도예문화체험 등 다양한 체험프로그램 운영",20241219,20241219,충현서원,014-857-9796,"충현서원, 방문장소",https://www.chseowon.com,"청소년, 외국인유학생 및 재외동포, 가족단위 관광객",무료,,충청남도,공주시,12월19일(총1회) / 10시 ~ 12시,꼬무락 꼬마선비,,,,
11502,2,조선백자 실감 공방과 달항아리 디지털 캠퍼스 (1) 가족 친화·치유 문화유산 실감(ICT) 1박 2일 캠퍼스,300년의 역사를 지닌 국가무형문화재 사기장 김정옥 가문의 역사와 그들이 가진 문화유산에 대해 ICT 실감콘텐츠 연계 상설 전시를 통해 효율적으로 교육 할 수있는 프로그램,20241220,20241220,㈜백산헤리티지,010-3794-5324,문경 국가무형문화재전수관,,일반인,무료,,경상북도,문경시,"12월 1일부터 12월 31일까지 매 주 화요일, 수요일, 목요일, 금요일, 토요일, 일요일 운영 (총 200회) / 09:00 ~ 18:00",조선백자 실감 공방과 달항아리 디지털 캠퍼스 (1) 가족 친화·치유 문화유산 실감(ICT) 1박 2일 캠퍼스,,,,
11529,4,"상시프로그램 - 열린서원, 묵계서원",서원을 도서관 시설 및 체험존으로 만들어 누구나 친근하게 올 수 있는 열린 서원으로 조성,20241220,20241220,사단법인 미래문화재단,054-841-2433,"묵계서원, 보백당 종택, 만휴정",,전국민&외국인,무료,,경상북도,안동시,"12월 1일 ~ 12월 31일 매주 금, 토, 일 / 9시 ~ 18시","상시프로그램 - 열린서원, 묵계서원",,,,
11540,4,소학반 강좌운영,소학공부를 함,20241220,20241220,창녕향교,055-532-0217,유림회관,,일반인,무료,,경상남도,창녕군,"12월 6일, 13일, 20일 (금) 10시~12시 (총3회)",소학반 강좌운영,,,,
11514,4,박문약례 인성교실,"충남 최초 사액서원에서 체험하는 올바른 전통예절 및 선비인사법, 플로킹캠페인을 적용한 박문약례 플로킹 코스체험",20241220,20241220,충현서원,041-857-9796,"충현서원, 방문장소",https://www.chseowon.com,"청소년, 외국인유학생 및 재외동포",무료,,충청남도,공주시,"12월12일, 12월20일(총2회) / 10시~12시, 14시~16시",박문약례 인성교실,,,,
11482,9,나눔의 곳간을 열다.,고택의 내력과 역사 소개 및 소장유물 전시설명 및 탐방,20241221,20241221,사)경주최부자선양회,054)774-0202,경주최부자댁,,관광객 회당 500명,무료,,경상북도,경주시,"12월 7일, 14일, 21일 (총3회) / 11:00~15:00",나눔의 곳간을 열다.,,,,
11541,4,서예반 강좌운영,서예역공부를 함,20241221,20241221,창녕향교,055-532-0217,유림회관,,일반인,무료,,경상남도,창녕군,"12월 7일, 14일, 21일 (토) 10시~12시 (총3회)",서예반 강좌운영,,,,
11542,4,향교사랑방,전통차체험,20241221,20241221,창녕향교,055-532-0217,창녕향교 동재 서재,,일반인,무료,,경상남도,창녕군,"12월 7일, 8일, 14일, 15일, 21일, 22일 매주 토,일 13시~18시 (총6회)",향교사랑방,,,,
11500,2,삼시세끼 농악마실,소포걸군농악 동지굿,20241221,20241221,진도소포걸군농악보존회,010-6299-8808,"소포전통민속체험관, 소포마을",,"관광객, 체험객, 지역민 등",무료,,전라남도,진도군,12월 21일 (총1회) / 14시~16시,삼시세끼 농악마실,,,,
11497,2,마천목장군 도깨비잔치_산타를 만나다.,"제2의 민속촌 가능성 타진과 농악, 국악과의 어울림 및 역사 재현 등",20241221,20241221,(사)섬진강 도꺠비마을,061-363-2953,섬진강도깨비마을,,누구나,유료,,전라남도,곡성군,12월21일(토요일)/11시~17시,마천목장군 도깨비잔치_산타를 만나다.,,,,
11530,4,열두마당 세시이야기-동지,"새알빚기, 새해 달력만들기",20241221,20241221,문화공간 도계,010.3629.4720,도계서원,https://www.instagram.com/dogye_culturalplace?igsh=MTF4b2xya3F5anR0bA==,가족,무료,,경상북도,안동시,12월21일 /10:30~12:00,열두마당 세시이야기-동지,,,,
11508,4,선비들의 문화 나들이,"향교 서원에서 예술과 함께 보내는 문화향유 프로그램/목요생활공예, 금요캘리그라피,토요선비들의문화나들이",20241221,20241221,통합문화예술교육바로,070-8065-4166,구강서원,cafe.naver.com/artbaro,"65세 이상 어르신,장애인, 다문화가정,임산부,직장 근로자,경력단절여성 등(회당15명내외)",무료,,울산광역시,중구,"12월5일(목요일), 12월7일, 12월14일, 12월21일(토요일)/(총4회)/10시~12시",선비들의 문화 나들이,,,,
11519,4,비단골수락하다,동지-팥죽으로 액땜하세,20241221,20241221,헤리티지 락,010-9540-9007,금산향교,,지역민 신청자,무료,,충청남도,금산군,12월21일 오전 10-12시,비단골수락하다,,,,
11502,2,조선백자 실감 공방과 달항아리 디지털 캠퍼스 (1) 가족 친화·치유 문화유산 실감(ICT) 1박 2일 캠퍼스,300년의 역사를 지닌 국가무형문화재 사기장 김정옥 가문의 역사와 그들이 가진 문화유산에 대해 ICT 실감콘텐츠 연계 상설 전시를 통해 효율적으로 교육 할 수있는 프로그램,20241221,20241221,㈜백산헤리티지,010-3794-5324,문경 국가무형문화재전수관,,일반인,무료,,경상북도,문경시,"12월 1일부터 12월 31일까지 매 주 화요일, 수요일, 목요일, 금요일, 토요일, 일요일 운영 (총 200회) / 09:00 ~ 18:00",조선백자 실감 공방과 달항아리 디지털 캠퍼스 (1) 가족 친화·치유 문화유산 실감(ICT) 1박 2일 캠퍼스,,,,
11510,4,차이나는 신항스테이,신항 가양주&동지제,20241221,20241221,신항서원활성화사업단,043-215-1125,신항서원,,시민,1만원,,충청북도,청주시,12월21일,차이나는 신항스테이,,,,
11529,4,"상시프로그램 - 열린서원, 묵계서원",서원을 도서관 시설 및 체험존으로 만들어 누구나 친근하게 올 수 있는 열린 서원으로 조성,20241221,20241221,사단법인 미래문화재단,054-841-2433,"묵계서원, 보백당 종택, 만휴정",,전국민&외국인,무료,,경상북도,안동시,"12월 1일 ~ 12월 31일 매주 금, 토, 일 / 9시 ~ 18시","상시프로그램 - 열린서원, 묵계서원",,,,
11542,4,향교사랑방,전통차체험,20241222,20241222,창녕향교,055-532-0217,창녕향교 동재 서재,,일반인,무료,,경상남도,창녕군,"12월 7일, 8일, 14일, 15일, 21일, 22일 매주 토,일 13시~18시 (총6회)",향교사랑방,,,,
11502,2,조선백자 실감 공방과 달항아리 디지털 캠퍼스 (1) 가족 친화·치유 문화유산 실감(ICT) 1박 2일 캠퍼스,300년의 역사를 지닌 국가무형문화재 사기장 김정옥 가문의 역사와 그들이 가진 문화유산에 대해 ICT 실감콘텐츠 연계 상설 전시를 통해 효율적으로 교육 할 수있는 프로그램,20241222,20241222,㈜백산헤리티지,010-3794-5324,문경 국가무형문화재전수관,,일반인,무료,,경상북도,문경시,"12월 1일부터 12월 31일까지 매 주 화요일, 수요일, 목요일, 금요일, 토요일, 일요일 운영 (총 200회) / 09:00 ~ 18:00",조선백자 실감 공방과 달항아리 디지털 캠퍼스 (1) 가족 친화·치유 문화유산 실감(ICT) 1박 2일 캠퍼스,,,,
11529,4,"상시프로그램 - 열린서원, 묵계서원",서원을 도서관 시설 및 체험존으로 만들어 누구나 친근하게 올 수 있는 열린 서원으로 조성,20241222,20241222,사단법인 미래문화재단,054-841-2433,"묵계서원, 보백당 종택, 만휴정",,전국민&외국인,무료,,경상북도,안동시,"12월 1일 ~ 12월 31일 매주 금, 토, 일 / 9시 ~ 18시","상시프로그램 - 열린서원, 묵계서원",,,,
11489,2,전통판화학교,전시연계 인쇄문화 교육프로그램,20241222,20241222,고판화박물관,033-761-7885,고판화박물관,,누구나,무료,,강원도,원주시,12월 22일(총1회)/ 13시~15시,전통판화학교,,,,
11525,4,어르신 창작 마당극 - 신숭겸 꿈의 이야기,지역 어르신들이 만들어 가는 마당극 교육 및 공연(신숭겸 이야기),20241223,20241223,곡성문화원,061-362-0890,"곡성문화원, 덕양서원",http://gs-culture.or.kr,65세이상 곡성주민 20명 내외,무료,,전라남도,곡성군,"12월 2일, 9일, 16일, 23일, 30일(총 5회) / 14시~16시",어르신 창작 마당극 - 신숭겸 꿈의 이야기,,,,
11536,4,우포차회아카데미 1학년(기초반)운영,생활다례 및 의식다례를 공부함,20241223,20241223,창녕향교,055-532-0217,유림회관,,등록학생,무료,,경상남도,창녕군,"12월 2일, 9일, 16일, 23일 (월) 18시~20시 (총4회)",우포차회아카데미 1학년(기초반)운영,,,,
11513,4,공감토크고청사랑방,"마을 공동체문화 회복을 위한 토크쇼, 서원의 향촌자치 및 대민 교화기능을 현대적으로 적용, 지역출신 인사의 성공모델 공유, 지역민의 갈등 조정 및 일자리 창출, 지역민의 화합을 위한 찾아가는 사랑방 운영",20241224,20241224,충현서원,014-857-9796,"충현서원, 방문장소",https://www.chseowon.com,청소년 및 지역민,무료,,충청남도,공주시,12월24일(총1회) / 14시 ~ 17시,공감토크고청사랑방,,,,
11502,2,조선백자 실감 공방과 달항아리 디지털 캠퍼스 (1) 가족 친화·치유 문화유산 실감(ICT) 1박 2일 캠퍼스,300년의 역사를 지닌 국가무형문화재 사기장 김정옥 가문의 역사와 그들이 가진 문화유산에 대해 ICT 실감콘텐츠 연계 상설 전시를 통해 효율적으로 교육 할 수있는 프로그램,20241224,20241224,㈜백산헤리티지,010-3794-5324,문경 국가무형문화재전수관,,일반인,무료,,경상북도,문경시,"12월 1일부터 12월 31일까지 매 주 화요일, 수요일, 목요일, 금요일, 토요일, 일요일 운영 (총 200회) / 09:00 ~ 18:00",조선백자 실감 공방과 달항아리 디지털 캠퍼스 (1) 가족 친화·치유 문화유산 실감(ICT) 1박 2일 캠퍼스,,,,
11502,2,조선백자 실감 공방과 달항아리 디지털 캠퍼스 (1) 가족 친화·치유 문화유산 실감(ICT) 1박 2일 캠퍼스,300년의 역사를 지닌 국가무형문화재 사기장 김정옥 가문의 역사와 그들이 가진 문화유산에 대해 ICT 실감콘텐츠 연계 상설 전시를 통해 효율적으로 교육 할 수있는 프로그램,20241225,20241225,㈜백산헤리티지,010-3794-5324,문경 국가무형문화재전수관,,일반인,무료,,경상북도,문경시,"12월 1일부터 12월 31일까지 매 주 화요일, 수요일, 목요일, 금요일, 토요일, 일요일 운영 (총 200회) / 09:00 ~ 18:00",조선백자 실감 공방과 달항아리 디지털 캠퍼스 (1) 가족 친화·치유 문화유산 실감(ICT) 1박 2일 캠퍼스,,,,
11502,2,조선백자 실감 공방과 달항아리 디지털 캠퍼스 (1) 가족 친화·치유 문화유산 실감(ICT) 1박 2일 캠퍼스,300년의 역사를 지닌 국가무형문화재 사기장 김정옥 가문의 역사와 그들이 가진 문화유산에 대해 ICT 실감콘텐츠 연계 상설 전시를 통해 효율적으로 교육 할 수있는 프로그램,20241226,20241226,㈜백산헤리티지,010-3794-5324,문경 국가무형문화재전수관,,일반인,무료,,경상북도,문경시,"12월 1일부터 12월 31일까지 매 주 화요일, 수요일, 목요일, 금요일, 토요일, 일요일 운영 (총 200회) / 09:00 ~ 18:00",조선백자 실감 공방과 달항아리 디지털 캠퍼스 (1) 가족 친화·치유 문화유산 실감(ICT) 1박 2일 캠퍼스,,,,
11522,4,삶의 덕목과 염원을 담아,예산 10경을 담은 한복 전시회,20241227,20241227,충남문화유산콘텐츠협동조합,041-556-1988,예산향교,https://www.cchcc.info/,전국민,무료,,충청남도,예산군,"12월 1일, 15일, 27일 (3회) 9:00~18:00",삶의 덕목과 염원을 담아,,,,
11502,2,조선백자 실감 공방과 달항아리 디지털 캠퍼스 (1) 가족 친화·치유 문화유산 실감(ICT) 1박 2일 캠퍼스,300년의 역사를 지닌 국가무형문화재 사기장 김정옥 가문의 역사와 그들이 가진 문화유산에 대해 ICT 실감콘텐츠 연계 상설 전시를 통해 효율적으로 교육 할 수있는 프로그램,20241227,20241227,㈜백산헤리티지,010-3794-5324,문경 국가무형문화재전수관,,일반인,무료,,경상북도,문경시,"12월 1일부터 12월 31일까지 매 주 화요일, 수요일, 목요일, 금요일, 토요일, 일요일 운영 (총 200회) / 09:00 ~ 18:00",조선백자 실감 공방과 달항아리 디지털 캠퍼스 (1) 가족 친화·치유 문화유산 실감(ICT) 1박 2일 캠퍼스,,,,
11529,4,"상시프로그램 - 열린서원, 묵계서원",서원을 도서관 시설 및 체험존으로 만들어 누구나 친근하게 올 수 있는 열린 서원으로 조성,20241227,20241227,사단법인 미래문화재단,054-841-2433,"묵계서원, 보백당 종택, 만휴정",,전국민&외국인,무료,,경상북도,안동시,"12월 1일 ~ 12월 31일 매주 금, 토, 일 / 9시 ~ 18시","상시프로그램 - 열린서원, 묵계서원",,,,
11502,2,조선백자 실감 공방과 달항아리 디지털 캠퍼스 (1) 가족 친화·치유 문화유산 실감(ICT) 1박 2일 캠퍼스,300년의 역사를 지닌 국가무형문화재 사기장 김정옥 가문의 역사와 그들이 가진 문화유산에 대해 ICT 실감콘텐츠 연계 상설 전시를 통해 효율적으로 교육 할 수있는 프로그램,20241228,20241228,㈜백산헤리티지,010-3794-5324,문경 국가무형문화재전수관,,일반인,무료,,경상북도,문경시,"12월 1일부터 12월 31일까지 매 주 화요일, 수요일, 목요일, 금요일, 토요일, 일요일 운영 (총 200회) / 09:00 ~ 18:00",조선백자 실감 공방과 달항아리 디지털 캠퍼스 (1) 가족 친화·치유 문화유산 실감(ICT) 1박 2일 캠퍼스,,,,
11529,4,"상시프로그램 - 열린서원, 묵계서원",서원을 도서관 시설 및 체험존으로 만들어 누구나 친근하게 올 수 있는 열린 서원으로 조성,20241228,20241228,사단법인 미래문화재단,054-841-2433,"묵계서원, 보백당 종택, 만휴정",,전국민&외국인,무료,,경상북도,안동시,"12월 1일 ~ 12월 31일 매주 금, 토, 일 / 9시 ~ 18시","상시프로그램 - 열린서원, 묵계서원",,,,
11502,2,조선백자 실감 공방과 달항아리 디지털 캠퍼스 (1) 가족 친화·치유 문화유산 실감(ICT) 1박 2일 캠퍼스,300년의 역사를 지닌 국가무형문화재 사기장 김정옥 가문의 역사와 그들이 가진 문화유산에 대해 ICT 실감콘텐츠 연계 상설 전시를 통해 효율적으로 교육 할 수있는 프로그램,20241229,20241229,㈜백산헤리티지,010-3794-5324,문경 국가무형문화재전수관,,일반인,무료,,경상북도,문경시,"12월 1일부터 12월 31일까지 매 주 화요일, 수요일, 목요일, 금요일, 토요일, 일요일 운영 (총 200회) / 09:00 ~ 18:00",조선백자 실감 공방과 달항아리 디지털 캠퍼스 (1) 가족 친화·치유 문화유산 실감(ICT) 1박 2일 캠퍼스,,,,
11529,4,"상시프로그램 - 열린서원, 묵계서원",서원을 도서관 시설 및 체험존으로 만들어 누구나 친근하게 올 수 있는 열린 서원으로 조성,20241229,20241229,사단법인 미래문화재단,054-841-2433,"묵계서원, 보백당 종택, 만휴정",,전국민&외국인,무료,,경상북도,안동시,"12월 1일 ~ 12월 31일 매주 금, 토, 일 / 9시 ~ 18시","상시프로그램 - 열린서원, 묵계서원",,,,
11525,4,어르신 창작 마당극 - 신숭겸 꿈의 이야기,지역 어르신들이 만들어 가는 마당극 교육 및 공연(신숭겸 이야기),20241230,20241230,곡성문화원,061-362-0890,"곡성문화원, 덕양서원",http://gs-culture.or.kr,65세이상 곡성주민 20명 내외,무료,,전라남도,곡성군,"12월 2일, 9일, 16일, 23일, 30일(총 5회) / 14시~16시",어르신 창작 마당극 - 신숭겸 꿈의 이야기,,,,
11502,2,조선백자 실감 공방과 달항아리 디지털 캠퍼스 (1) 가족 친화·치유 문화유산 실감(ICT) 1박 2일 캠퍼스,300년의 역사를 지닌 국가무형문화재 사기장 김정옥 가문의 역사와 그들이 가진 문화유산에 대해 ICT 실감콘텐츠 연계 상설 전시를 통해 효율적으로 교육 할 수있는 프로그램,20241231,20241231,㈜백산헤리티지,010-3794-5324,문경 국가무형문화재전수관,,일반인,무료,,경상북도,문경시,"12월 1일부터 12월 31일까지 매 주 화요일, 수요일, 목요일, 금요일, 토요일, 일요일 운영 (총 200회) / 09:00 ~ 18:00",조선백자 실감 공방과 달항아리 디지털 캠퍼스 (1) 가족 친화·치유 문화유산 실감(ICT) 1박 2일 캠퍼스,,,,
11511,4,<달래강 노래> 20호 발간,<달래강 노래> 제20호(12월) 200부 발간 배포,20241231,20241231,중심고을연구원,043-843-1676,중심고을연구원,http://café.daum.net/cj-ins,200부 발간,,,충청북도,충주시,12월 31일,<달래강 노래> 20호 발간,,,,
11512,4,현륭원의 약속,,20241210,20241210,,031-230-3203,경기아트센터,www.ggac.or.kr,,,,경기도,,,,공연,https://ggc.ggcf.kr/cultureEvents/view/67488a78915cffcf59c84765,https://ggc.ggcf.kr/uploadimg/2023/file/SmartSelect_20241128_233042_Google_1732807139799.jpg,
11513,4,짐 아미뇽 : 슬로우 시티,"짐 아미뇽의 슬로우 시티(Slow City) 전시는 현대 도시 생활의 빠른 속도와 소비 중심의 문화에 대한 비판적 성찰을 담은 작품들로 구성됩니다. 이 전시는 도시의 속도와 현대인의 삶을 관조하며, 인간성과 공동체적 가치를 회복하기 위한 메시지를 예술적 형태로 풀어냅니다.",20241121,20241228,,031-850-5175,의정부문화재단,www.uac.or.kr,"10:00~18:00, 일,월 휴관",,,경기도,,,,전시,https://ggc.ggcf.kr/cultureEvents/view/67488b68915cffcf59c84766,https://ggc.ggcf.kr/uploadimg/2023/file/SmartSelect_20241128_233456_Google_1732807333455.jpg,
11514,4,"<기다림의 맛, 시간>","기다림의 맛, 시간은 빠르게 흘러가는 현대 사회에서 느린 시간과 기다림의 미학을 재조명합니다. 이 전시는 기다림이 단순한 낭비가 아니라, 가치와 의미를 창조하는 과정임을 일깨웁니다.",20241018,20250223,,031-324-9114,국립농업박물관,www.namuk.or.kr,"10:00~18:00, 월 휴관",,,경기도,,,,전시,https://ggc.ggcf.kr/cultureEvents/view/67488ef6915cffcf59c84767,https://ggc.ggcf.kr/uploadimg/2023/file/SmartSelect_20241128_233821_Google_1732807710236.jpg,
11515,4,차이코프스키 오디세이,"차이코프스키 오디세이는 차이코프스키의 오디세이 작품들을 통해 그의 음악적 세계를 탐험합니다. 이 전시는 차이코프스키의 음악이 시간과 공간을 초월하는 힘을 가지고 있음을 보여주며, 드넓은 음악적 세계를 경험할 수 있는 기회를 제공합니다.",20241219,20241219,,031-290-4634,"화성시문화재단, 화성시예술단",www.hcf.or.kr,19:30,,,경기도,,,,공연,https://ggc.ggcf.kr/cultureEvents/view/674889bb915cffcf59c84764,https://ggc.ggcf.kr/uploadimg/2023/file/SmartSelect_20241128_232621_Google_1732806911733.jpg,
11516,4,"의왕향토사료관 특별전시 <발굴, 출토 유물>","의왕향토사료관 특별전시 <발굴, 출토 유물>은 의왕시 지역에서 발굴된 유물들을 전시하여, 지역 문화와 역사를 탐험할 수 있는 기회를 제공합니다. 이 전시는 지역 문화의 깊이와 다양성을 탐험하며, 지역 문화의 가치를 일깨웁니다.",20241122,20251114,,031-345-3669,의왕시,www.uiwang.go.kr›culture,9:00~18:00,,,경기도,,,,전시,https://ggc.ggcf.kr/cultureEvents/view/674890f2915cffcf59c84768,https://ggc.ggcf.kr/uploadimg/2023/file/SmartSelect_20241128_234129_Google_1732808485667.jpg,
11517,4,비우고 채우는 하루,"비우고 채우는 하루는 비우고 채우는 하루 프로그램을 통해 비우고 채우는 하루의 중요성을 일깨웁니다. 이 프로그램은 비우고 채우는 하루를 통해 삶의 균형을 찾고, 소중한 시간을 소중하게 여기는 방법을 제시합니다.",20241130,20241207,,031-645-0623,"경기문화재단, 경기문화예술교육지원센터, 한국도자재단, 경기도자미술관",https://www.gmocca.org/,무료,,,경기도,,,,교육,https://ggc.ggcf.kr/cultureEvents/view/6745185f915cffcf59c8471a,https://ggc.ggcf.kr/uploadimg/2023/file/[포스터] 비우고 채우는 하루_1732581463473.jpg,토요일 14:00-16:00
11518,4,세계명화 레플리카전시 <구스타프 클림트 체험전>,"세계명화 레플리카전시 <구스타프 클림트 체험전>은 구스타프 클림트의 작품들을 레플리카로 전시하여, 그의 작품을 직접 경험할 수 있는 기회를 제공합니다. 이 전시는 클림트의 작품을 통해 그의 예술적 세계를 탐험하며, 그의 작품에 대한 이해를 높입니다.",20241206,20250119,,031-535-3607,포천문화관광재단,https://www.pcfac.or.kr/sub02/sub01-1.php?type=view&uid=1815956,"5,000원",10:00~18:00,,경기도,,,,전시,https://ggc.ggcf.kr/cultureEvents/view/67455a9b915cffcf59c84729,https://ggc.ggcf.kr/uploadimg/2023/file/포천 클림트-포스터-A2_1732951178841.jpg,
11519,4,요상한 도시의 고양이들,"요상한 도시의 고양이들은 고양이들이 사는 도시의 특별한 모습을 탐험하는 프로그램입니다. 이 프로그램은 고양이들의 삶과 그들이 사는 도시의 생활을 통해 도시와 자연의 조화를 발견하고, 도시 속에서도 자연과 공존할 수 있는 방법을 제시합니다.",20241206,20241207,,010-3224-6294,공간서커스살롱,인스타그램 @circusalon_korea,"전석 10,000원","2024년 12월 6일(금) 19:00 | 7일(토) 13:00, 17:00",,경기도,,,,공연,https://ggc.ggcf.kr/cultureEvents/view/6745981b915cffcf59c84736,https://ggc.ggcf.kr/uploadimg/2023/file/image01_1732614170784.png,
11520,4,일상이 예술이 되는 곳,"일상이 예술이 되는 곳은 일상의 무수한 순간들을 예술적인 관점에서 바라보는 프로그램입니다. 이 프로그램은 일상의 작은 순간들을 예술적으로 표현하고, 일상을 예술적으로 즐기는 방법을 제시합니다.",20241204,20241210,,02-2621-8876,"광명문화재단 / 후원 경기도, 경기문화재단",www.gmcf.or.kr,무료,17:00-18:00,,경기도,,,,전시,https://ggc.ggcf.kr/cultureEvents/view/67451dcd915cffcf59c84724,https://ggc.ggcf.kr/uploadimg/2023/file/[포스터]근거한공간 과정공유회_1732582859265.jpg,
11521,4,첼로 6중주 테디베어 이야기,"첼로 6중주 테디베어 이야기는 테디베어의 음악적 세계를 탐험하는 프로그램입니다. 이 프로그램은 테디베어의 음악이 시간과 공간을 초월하는 힘을 가지고 있음을 보여주며, 드넓은 음악적 세계를 경험할 수 있는 기회를 제공합니다.",20241214,20241214,,031-850-5175,의정부문화재단,www.uac.or.kr,무료,"14:00, 17:00",,경기도,,,,공연,https://ggc.ggcf.kr/cultureEvents/view/67448f57915cffcf59c84714,https://ggc.ggcf.kr/uploadimg/2023/file/SmartSelect_20241125_220610_Google_1732546218352.jpg,
11522,4,2024 송년음악회 무비 페스티벌,"2024 송년음악회 무비 페스티벌은 영화와 음악을 결합하여 영화 속 세계를 경험할 수 있는 프로그램입니다. 이 프로그램은 영화와 음악의 만남을 통해 영화의 미학과 음악의 매력을 발견하고, 영화와 음악의 조화를 즐길 수 있는 기회를 제공합니다.",20241228,20241228,,031-660-0666,"안성시, 안성맞춤아트홀",www.anseoung.go.kr/arthall,"R석 3만원, S석 2만원",15:00,,경기도,,,,공연,https://ggc.ggcf.kr/cultureEvents/view/67427e01915cffcf59c846fa,https://ggc.ggcf.kr/uploadimg/2023/file/SmartSelect_20241123_161107_Google_1732410522612.jpg,
11523,4,춤추며 동화 속으로,"춤추며 동화 속으로는 춤추며 동화 속으로 프로그램을 통해 동화속의 세계를 경험할 수 있는 프로그램입니다. 이 프로그램은 동화속의 세계를 통해 동화의 미학과 춤의 매력을 발견하고, 동화와 춤의 조화를 즐길 수 있는 기회를 제공합니다.",20241205,20241205,,032-327-7523,"부천시, 부천시립예술단",bucheonphil.or.kr,전석 1만원,11:00,,경기도,,,,공연,https://ggc.ggcf.kr/cultureEvents/view/67427f94915cffcf59c846fb,https://ggc.ggcf.kr/uploadimg/2023/file/SmartSelect_20241123_161258_Google_1732410932434.jpg,
11524,4,<경기향토작가초대전>,"경기향토작가초대전은 경기도의 향토작가들을 초대하여 그들의 작품을 전시하는 프로그램입니다. 이 프로그램은 경기도의 향토작가들을 통해 경기도의 문화와 역사를 탐험하고, 그들의 작품에 대한 이해를 높입니다.",20241126,20241205,,031-783-8000,"성남문화재단, 성남시",www.suart.or.kr,무료,10:00~18:00,,경기도,,,,전시,https://ggc.ggcf.kr/cultureEvents/view/674184cf915cffcf59c846f8,https://ggc.ggcf.kr/uploadimg/2023/file/SmartSelect_20241123_160625_Google_1732346974429.jpg,
11526,4,7080 낭만 극장쇼,"7080 낭만 극장쇼은 7080년대의 낭만을 탐험하는 프로그램입니다. 이 프로그램은 7080년대의 음악과 영화를 통해 그 시대의 문화와 사회적 상황을 탐험하고, 그 시대의 삶과 인간관계를 이해할 수 있는 기회를 제공합니다.",20241207,20241207,,031-260-3355,용인문화재단,용인문화재단  www.yicf.or.kr,"10,000원",15:00,,경기도,,,,공연,https://ggc.ggcf.kr/cultureEvents/view/67417eff915cffcf59c846f4,https://ggc.ggcf.kr/uploadimg/2023/file/7080_1732345598013.png,
11530,4,미디어아트쇼 라이트웨이브(Light Wave),"미디어아트쇼 라이트웨이브(Light Wave)는 미디어아트쇼를 통해 라이트웨이브의 작품들을 경험할 수 있는 프로그램입니다. 이 프로그램은 라이트웨이브의 작품들을 통해 미디어아트의 매력을 발견하고, 미디어아트를 즐길 수 있는 기회를 제공합니다.",20241129,20241203,,,경기도/경기아트센터,undefined,무료,15시~20시,,경기도,,,,행사,https://ggc.ggcf.kr/cultureEvents/view/67401872915cffcf59c846d5,https://ggc.ggcf.kr/uploadimg/2023/file/(최종) 미디어아트쇼 라이트웨이브 포스터_1732253796280.jpg,
11531,4,벗이미술관 아트클래스 '반짝반짝 크리스마스 마을',"벗이미술관 아트클래스 '반짝반짝 크리스마스 마을'은 벗이미술관에서 크리스마스 마을을 즐기는 프로그램입니다. 이 프로그램은 크리스마스 마을의 특별한 모습을 탐험하며, 크리스마스 마을의 즐거움을 즐길 수 있는 기회를 제공합니다.",20241119,20241231,,031-333-2114,벗이미술관,벗이미술관  https://www.instagram.com/artmuseumversi,"30,000원","11월 19일~11월 30일 / 12월12일~12월 31  11시, 14시, 16시",,경기도,,,,교육,https://ggc.ggcf.kr/cultureEvents/view/673fd8c7915cffcf59c846b8,https://ggc.ggcf.kr/uploadimg/2023/file/벗이미술관크리스마스_1732237509951.jpg,
11534,4,2024 용인문화도시플랫폼 축제 <문화도시역에 가면 ○○도 있고>,"2024 용인문화도시플랫폼 축제 <문화도시역에 가면 ○○도 있고>는 용인문화도시플랫폼 축제를 통해 문화도시역에 가면 ○○도 있고 프로그램을 통해 문화도시역에 가면 ○○도 있고를 경험할 수 있는 프로그램입니다. 이 프로그램은 문화도시역에 가면 ○○도 있고를 통해 문화도시역에 가면 ○○도 있고의 미학과 축제의 매력을 발견하고, 문화도시역에 가면 ○○도 있고와 축제의 조화를 즐길 수 있는 기회를 제공합니다.",20241129,20241130,,031-323-6630,용인문화재단,https://www.yicf.or.kr/ccity/,무료,,,경기도,,,,행사,https://ggc.ggcf.kr/cultureEvents/view/673ef2a2915cffcf59c846b4,https://ggc.ggcf.kr/uploadimg/2023/file/1-1_1732178562692. (포스터) 문화도시플랫폼축제,
11535,4,<2024 사려 깊은 마음들> 문화예술교육지원사업 결과공유展,"2024 사려 깊은 마음들> 문화예술교육지원사업 결과공유展은 문화예술교육지원사업 결과공유전을 통해 문화예술교육지원사업 결과공유전을 경험할 수 있는 프로그램입니다. 이 프로그램은 문화예술교육지원사업 결과공유전을 통해 문화예술교육지원사업 결과공유전의 미학과 전시의 매력을 발견하고, 문화예술교육지원사업 결과공유전과 전시의 조화를 즐길 수 있는 기회를 제공합니다.",20241126,20241127,,031-960-9721,고양문화재단,www.artgy.or.kr,무료,10시~18시 (17시30분 입장마감),,경기도,,,,전시,https://ggc.ggcf.kr/cultureEvents/view/673ef243915cffcf59c846b3,https://ggc.ggcf.kr/uploadimg/2023/file/[포스터] 2024 사려깊은 마음들_1732178422711.jpg,
